doc_index,topic_id,norm_topic_weight,yr_mnth
0,5,0.6704004,2018-04
1,6,0.9959267,2018-07
2,4,0.46307322,2018-07
3,1,0.75339,2018-06
4,6,0.98124653,2016-12
5,6,0.9951602,2016-12
6,6,0.9946098,2016-11
7,6,0.7809401,2016-11
8,6,0.4771769,2016-11
9,6,0.97692055,2016-11
10,6,0.57022566,2016-11
11,6,0.52127963,2016-11
12,6,0.81402034,2016-11
13,0,0.8031662,2016-11
14,6,0.6822067,2018-06
15,6,0.9842082,2016-11
16,7,0.5516686,2016-11
17,9,0.7566463,2016-11
18,6,0.9107204,2016-11
19,4,0.3531217,2016-11
20,6,0.75164896,2016-11
21,5,0.3887088,2016-11
22,6,0.9539899,2016-11
23,6,0.47502607,2016-11
24,9,0.5068256,2018-06
25,6,0.4495434,2016-11
26,9,0.58682376,2016-11
27,6,0.7281464,2016-11
28,6,0.33089548,2016-11
29,6,0.9938342,2016-11
30,6,0.94062763,2016-11
31,6,0.9804297,2016-11
32,9,0.8983985,2016-11
33,6,0.6150857,2016-11
34,6,0.7433099,2018-06
35,6,0.75192827,2016-11
36,6,0.5990375,2016-11
37,6,0.88259786,2016-11
38,7,0.43502048,2016-11
39,9,0.55574256,2016-11
40,1,0.771038,2016-11
41,6,0.8437817,2016-11
42,6,0.8966695,2016-11
43,6,0.91722476,2018-06
44,6,0.79931456,2016-11
45,6,0.8499993,2016-11
46,9,0.993616,2016-11
47,6,0.5928533,2016-11
48,6,0.97362185,2016-11
49,6,0.78385913,2016-11
50,3,0.46173686,2016-11
51,1,0.50510395,2016-11
52,6,0.99467343,2018-06
53,6,0.723517,2016-11
54,6,0.6693572,2016-10
55,6,0.94972396,2016-10
56,6,0.8469853,2016-10
57,6,0.45788997,2016-10
58,6,0.68208873,2016-10
59,6,0.5657677,2018-06
60,6,0.39087662,2016-10
61,6,0.9598797,2016-10
62,6,0.6749667,2016-10
63,9,0.6000331,2016-10
64,8,0.47102815,2018-06
65,6,0.57734066,2016-10
66,6,0.5393672,2016-10
67,5,0.4236367,2016-10
68,6,0.5388837,2016-10
69,3,0.38519183,2016-10
70,6,0.7010215,2016-10
71,8,0.5664625,2018-06
72,6,0.5381607,2016-10
73,9,0.7682379,2016-10
74,6,0.64229846,2016-10
75,2,0.3680555,2016-10
76,6,0.76407886,2016-10
77,8,0.48141035,2018-06
78,6,0.62559444,2016-09
79,6,0.86008525,2016-09
80,6,0.8368732,2016-09
81,6,0.66036224,2016-09
82,6,0.7703446,2016-09
83,6,0.81585324,2016-09
84,6,0.9897711,2016-08
85,4,0.53929126,2016-08
86,6,0.9660381,2018-07
87,6,0.9720416,2018-06
88,6,0.67212623,2016-08
89,6,0.49548557,2016-08
90,6,0.5785579,2016-08
91,9,0.99062264,2016-07
92,4,0.3570103,2016-07
93,6,0.8704755,2016-07
94,6,0.50494117,2016-07
95,6,0.80383706,2016-07
96,9,0.5339392,2016-07
97,6,0.5007698,2018-06
98,6,0.7392984,2016-07
99,6,0.41477996,2016-07
100,6,0.3995964,2016-07
101,1,0.57802635,2016-07
102,6,0.9959267,2016-07
103,4,0.6428288,2016-06
104,7,0.7569258,2016-06
105,6,0.54060465,2016-06
106,6,0.43494087,2018-06
107,8,0.3007881,2016-06
108,6,0.9364296,2016-06
109,6,0.88161296,2016-06
110,6,0.9958895,2016-06
111,6,0.50908875,2016-06
112,1,0.43848473,2016-06
113,6,0.62322474,2016-06
114,6,0.8817898,2016-06
115,3,0.5069246,2018-06
116,6,0.44467622,2016-05
117,6,0.91191113,2018-06
118,6,0.69074935,2016-05
119,6,0.8217113,2016-05
120,6,0.7842667,2016-05
121,3,0.4584031,2016-05
122,4,0.40105382,2016-05
123,6,0.7830111,2018-06
124,6,0.7621556,2016-05
125,4,0.459853,2016-05
126,0,0.478934,2016-05
127,3,0.53501517,2016-05
128,6,0.47212666,2016-05
129,3,0.639174,2016-05
130,6,0.343863,2016-05
131,6,0.52780235,2016-05
132,3,0.24484622,2016-05
133,9,0.3718612,2018-06
134,6,0.8645572,2016-05
135,4,0.5137712,2016-05
136,6,0.48864946,2016-05
137,6,0.5353236,2016-04
138,6,0.7595874,2016-04
139,6,0.7733019,2016-04
140,6,0.6477476,2016-04
141,6,0.6525868,2016-04
142,6,0.741729,2016-04
143,6,0.70814484,2016-04
144,6,0.75271344,2016-04
145,6,0.9333316,2016-04
146,6,0.9449428,2016-04
147,6,0.83109015,2016-04
148,6,0.851194,2016-04
149,6,0.66151214,2016-04
150,6,0.43603697,2018-06
151,6,0.6994305,2016-04
152,6,0.6854323,2016-04
153,8,0.29678634,2016-04
154,6,0.6842048,2016-04
155,6,0.8903669,2016-04
156,6,0.613029,2016-04
157,6,0.4931283,2016-04
158,5,0.6083138,2016-04
159,6,0.824805,2016-04
160,6,0.7252923,2016-04
161,5,0.4501601,2018-05
162,6,0.84899807,2016-04
163,6,0.55232525,2016-04
164,7,0.5847543,2016-04
165,6,0.5326118,2016-04
166,6,0.5008769,2016-04
167,6,0.9487931,2016-04
168,6,0.6454701,2016-03
169,6,0.8611336,2018-07
170,6,0.69244426,2018-05
171,6,0.7691364,2016-03
172,6,0.8329432,2016-03
173,6,0.8341715,2016-03
174,6,0.6707428,2016-03
175,6,0.5955474,2016-03
176,6,0.43722525,2016-03
177,6,0.5307873,2016-03
178,6,0.6478483,2018-05
179,6,0.8144467,2016-02
180,6,0.99158704,2016-02
181,6,0.94464004,2016-02
182,6,0.7937113,2016-02
183,6,0.73636144,2016-02
184,6,0.49827024,2016-02
185,6,0.6849479,2016-02
186,6,0.6776653,2016-02
187,6,0.4061111,2016-02
188,5,0.67248034,2016-02
189,1,0.43924206,2018-05
190,6,0.7827977,2016-02
191,6,0.8837277,2016-02
192,6,0.39849433,2016-02
193,1,0.3653388,2016-02
194,2,0.39769873,2016-02
195,6,0.7691656,2016-02
196,6,0.9919626,2016-02
197,6,0.41569436,2016-02
198,6,0.6278929,2016-02
199,7,0.66008854,2018-05
200,6,0.7755889,2016-02
201,6,0.73155653,2016-02
202,8,0.5740058,2016-02
203,2,0.4457647,2016-02
204,6,0.8419132,2016-01
205,6,0.8614229,2016-01
206,6,0.6418781,2016-01
207,6,0.85332865,2016-01
208,3,0.5217726,2018-05
209,6,0.9216499,2018-05
210,9,0.56790566,2015-12
211,6,0.9927403,2015-12
212,6,0.8316866,2015-12
213,6,0.93112916,2018-05
214,6,0.9338114,2015-12
215,6,0.6512403,2015-11
216,6,0.4776531,2015-11
217,4,0.3998862,2015-11
218,6,0.8280234,2015-11
219,6,0.7682497,2015-11
220,7,0.39524424,2018-05
221,6,0.8903113,2015-10
222,6,0.99032015,2015-10
223,6,0.7072772,2015-10
224,6,0.82568425,2015-10
225,6,0.93715334,2015-10
226,6,0.9909072,2015-10
227,6,0.6960059,2015-10
228,6,0.843952,2018-05
229,6,0.993332,2015-10
230,6,0.8898764,2015-10
231,6,0.8793633,2015-10
232,6,0.7640575,2015-10
233,6,0.60240227,2015-10
234,6,0.75677055,2015-10
235,6,0.76663303,2015-10
236,6,0.98902214,2015-09
237,3,0.41209435,2018-05
238,6,0.9930754,2015-09
239,6,0.8829541,2018-07
240,5,0.41457352,2018-05
241,3,0.6505699,2018-05
242,6,0.850774,2018-05
243,6,0.98615104,2018-05
244,9,0.49599263,2018-05
245,3,0.76355004,2018-05
246,6,0.7361158,2018-05
247,9,0.84537125,2018-05
248,8,0.4904483,2018-05
249,6,0.5042026,2018-05
250,6,0.35505402,2018-07
251,6,0.45930815,2018-05
252,8,0.65239424,2018-05
253,8,0.39686757,2018-05
254,6,0.8507419,2018-05
255,8,0.49224514,2018-05
256,7,0.45309466,2018-05
257,3,0.5493339,2018-05
258,8,0.62184215,2018-05
259,5,0.7381336,2018-05
260,4,0.7410505,2018-05
261,8,0.3799052,2018-07
262,6,0.7880776,2018-05
263,6,0.42955786,2018-05
264,6,0.994999,2018-05
265,6,0.74076384,2018-05
266,6,0.8086992,2018-05
267,6,0.4787788,2018-05
268,7,0.88109964,2018-05
269,6,0.44985113,2018-05
270,7,0.58139247,2018-05
271,3,0.30961588,2018-05
272,6,0.997124,2018-07
273,6,0.8453411,2018-05
274,9,0.8394756,2018-05
275,6,0.61733735,2018-05
276,6,0.46078974,2018-05
277,7,0.46029082,2018-05
278,6,0.43484634,2018-05
279,6,0.59896976,2018-05
280,6,0.62566143,2018-05
281,6,0.44087943,2018-05
282,6,0.7100085,2018-05
283,6,0.7097319,2018-07
284,6,0.43595016,2018-05
285,6,0.41016048,2018-05
286,8,0.5380352,2018-05
287,6,0.7329344,2018-05
288,6,0.6429743,2018-05
289,9,0.46633014,2018-05
290,6,0.8898936,2018-05
291,6,0.55420816,2018-05
292,4,0.46227694,2018-05
293,6,0.58742577,2018-07
294,6,0.79900247,2018-05
295,7,0.32740122,2018-05
296,5,0.44639504,2018-05
297,6,0.6387196,2018-05
298,6,0.99523693,2018-05
299,6,0.34918788,2018-05
300,6,0.47202733,2018-05
301,6,0.8290378,2018-05
302,4,0.6751531,2018-05
303,4,0.5287588,2018-05
304,8,0.4296753,2018-07
305,6,0.5195446,2018-05
306,6,0.42004094,2018-05
307,6,0.6529124,2018-05
308,6,0.5951851,2018-05
309,6,0.8194275,2018-05
310,6,0.9453321,2018-05
311,6,0.5256386,2018-05
312,6,0.86384845,2018-05
313,9,0.47259715,2018-05
314,6,0.85828894,2018-05
315,5,0.42787328,2018-07
316,6,0.977565,2018-07
317,6,0.83600587,2018-05
318,8,0.6933649,2018-04
319,7,0.48381338,2018-04
320,6,0.71718955,2018-04
321,6,0.9205779,2018-04
322,5,0.41849113,2018-04
323,6,0.87528104,2018-04
324,8,0.84186655,2018-04
325,3,0.36127773,2018-04
326,3,0.56167376,2018-04
327,6,0.47071344,2018-07
328,6,0.59269214,2018-04
329,6,0.60447127,2018-04
330,7,0.45759174,2018-04
331,6,0.8376835,2018-04
332,6,0.3335861,2018-04
333,6,0.4720341,2018-04
334,6,0.53494954,2018-04
335,6,0.72779477,2018-04
336,5,0.53032726,2018-04
337,6,0.5576676,2018-04
338,6,0.7980113,2018-07
339,6,0.9904189,2018-04
340,6,0.7171609,2018-04
341,6,0.7696169,2018-04
342,6,0.8105252,2018-04
343,6,0.5262682,2018-04
344,6,0.7737274,2018-04
345,8,0.5476388,2018-04
346,8,0.9749944,2018-04
347,6,0.7694107,2018-04
348,6,0.93442565,2018-04
349,8,0.42828497,2018-07
350,6,0.949417,2018-04
351,6,0.76548404,2018-04
352,5,0.4302879,2018-04
353,6,0.77800584,2018-04
354,6,0.6357326,2018-04
355,6,0.5819272,2018-04
356,6,0.7052835,2018-04
357,6,0.652483,2018-04
358,6,0.91838515,2018-04
359,8,0.6875963,2018-07
360,6,0.78410435,2018-04
361,6,0.7550901,2018-04
362,6,0.46102408,2018-04
363,6,0.7695428,2018-04
364,6,0.72774917,2018-04
365,6,0.9873216,2018-04
366,6,0.751365,2018-04
367,6,0.36070007,2018-04
368,6,0.7888333,2018-04
369,5,0.46159998,2018-04
370,6,0.661982,2018-07
371,6,0.47104073,2018-04
372,6,0.47883862,2018-04
373,8,0.38945138,2018-04
374,9,0.45122105,2018-04
375,6,0.5781832,2018-04
376,8,0.45995516,2018-04
377,6,0.63460207,2018-04
378,8,0.488871,2018-04
379,6,0.92194647,2018-04
380,6,0.61479986,2018-04
381,6,0.7240645,2018-07
382,6,0.92094433,2018-04
383,4,0.5637563,2018-04
384,9,0.5642248,2018-04
385,8,0.28425628,2018-04
386,6,0.54203796,2018-04
387,8,0.5248859,2018-04
388,7,0.54924476,2018-04
389,6,0.66294175,2018-04
390,6,0.34335363,2018-04
391,1,0.37698182,2018-04
392,6,0.54258156,2018-07
393,6,0.8896693,2018-04
394,3,0.9165808,2018-04
395,6,0.52874744,2018-04
396,6,0.29531083,2018-04
397,6,0.69077843,2018-04
398,6,0.44975543,2018-04
399,0,0.74228776,2018-04
400,6,0.5835954,2018-04
401,6,0.80868405,2018-04
402,6,0.55870384,2018-04
403,3,0.62188834,2018-07
404,6,0.9211664,2018-04
405,1,0.45730183,2018-04
406,3,0.4603885,2018-04
407,6,0.48216534,2018-04
408,6,0.8401724,2018-03
409,6,0.47302896,2018-03
410,6,0.931176,2018-03
411,9,0.42928895,2018-03
412,8,0.73900974,2018-03
413,6,0.99268144,2018-03
414,5,0.47217104,2018-07
415,6,0.8239237,2018-03
416,6,0.7113955,2018-03
417,8,0.35120288,2018-03
418,6,0.9954536,2018-03
419,6,0.5771536,2018-03
420,6,0.54262275,2018-03
421,9,0.4139425,2018-03
422,1,0.4515725,2018-03
423,6,0.9302028,2018-07
424,8,0.34193227,2018-07
425,6,0.6414984,2018-03
426,8,0.4449254,2018-03
427,6,0.51589084,2018-03
428,6,0.9149994,2018-03
429,6,0.5560828,2018-03
430,6,0.6631262,2018-03
431,6,0.42486575,2018-03
432,6,0.85136074,2018-03
433,8,0.87862223,2018-03
434,6,0.612838,2018-07
435,5,0.48292935,2018-03
436,9,0.51530373,2018-03
437,6,0.5122729,2018-03
438,6,0.49567616,2018-03
439,6,0.7122845,2018-03
440,6,0.94669837,2018-03
441,6,0.3706613,2018-03
442,6,0.28276435,2018-03
443,6,0.8065247,2018-03
444,8,0.41008365,2018-07
445,3,0.5098597,2018-03
446,6,0.3896139,2018-03
447,6,0.6371768,2018-03
448,6,0.349916,2018-03
449,6,0.5456126,2018-03
450,6,0.4766474,2018-03
451,6,0.9097378,2018-03
452,6,0.42452785,2018-03
453,8,0.7564661,2018-03
454,8,0.43915308,2018-07
455,6,0.6572661,2018-03
456,8,0.6971707,2018-03
457,1,0.47580796,2018-03
458,6,0.8122384,2018-03
459,6,0.800961,2018-03
460,1,0.506267,2018-03
461,6,0.6372524,2018-03
462,6,0.69225353,2018-03
463,6,0.9813205,2018-03
464,8,0.5153254,2018-07
465,6,0.5927824,2018-03
466,6,0.45828027,2018-03
467,6,0.25786254,2018-03
468,6,0.8131258,2018-03
469,6,0.7159105,2018-03
470,8,0.4532093,2018-03
471,6,0.5521073,2018-03
472,6,0.6918283,2018-03
473,5,0.5135351,2018-03
474,8,0.45782024,2018-03
475,6,0.4033818,2018-07
476,6,0.89149964,2018-03
477,6,0.9024311,2018-03
478,6,0.78782755,2018-03
479,6,0.91034013,2018-03
480,6,0.74948055,2018-03
481,6,0.736078,2018-02
482,6,0.5113817,2018-02
483,6,0.53601897,2018-07
484,5,0.3874091,2018-02
485,6,0.97874385,2018-02
486,4,0.4949994,2018-02
487,6,0.44740233,2018-02
488,7,0.42948663,2018-02
489,6,0.39352697,2018-07
490,6,0.89612305,2018-02
491,5,0.48080605,2018-02
492,9,0.73695135,2018-02
493,6,0.6204348,2018-07
494,9,0.93176293,2018-02
495,6,0.692313,2018-02
496,6,0.593902,2018-02
497,8,0.6404594,2018-07
498,6,0.8410353,2018-02
499,4,0.5513026,2018-02
500,6,0.9958324,2018-02
501,6,0.93157315,2018-02
502,6,0.5176122,2018-02
503,4,0.4074897,2018-02
504,8,0.7386559,2018-07
505,6,0.40894687,2018-07
506,6,0.89756477,2018-02
507,6,0.9310639,2018-02
508,3,0.6219179,2018-02
509,6,0.679941,2018-02
510,6,0.73555094,2018-02
511,6,0.5596699,2018-02
512,7,0.50697565,2018-01
513,6,0.8801312,2018-01
514,6,0.8199602,2018-01
515,6,0.9650151,2018-01
516,6,0.9888874,2018-07
517,6,0.48927316,2018-01
518,6,0.7817527,2018-01
519,4,0.9026665,2018-01
520,6,0.7730743,2018-01
521,8,0.5857331,2018-01
522,3,0.47974735,2018-01
523,8,0.4365862,2018-01
524,5,0.4433505,2018-01
525,6,0.8057407,2018-01
526,6,0.8042815,2018-07
527,3,0.59843534,2018-01
528,6,0.690896,2018-01
529,6,0.57876426,2018-01
530,6,0.8210087,2018-01
531,6,0.3917005,2018-01
532,6,0.8176642,2018-01
533,6,0.53244406,2018-01
534,6,0.3939263,2018-01
535,9,0.38040346,2018-06
536,6,0.86599624,2018-01
537,6,0.85467976,2018-01
538,5,0.59125245,2018-01
539,6,0.9409417,2018-01
540,6,0.728469,2018-01
541,4,0.41990206,2018-01
542,8,0.53572476,2018-01
543,1,0.51361936,2018-01
544,6,0.7543414,2018-01
545,4,0.5814173,2018-01
546,8,0.81812084,2018-06
547,6,0.6305159,2018-01
548,6,0.7065339,2018-01
549,6,0.9780445,2018-01
550,6,0.4960779,2018-01
551,6,0.9348474,2018-01
552,4,0.5468106,2018-01
553,7,0.32326743,2018-01
554,6,0.98448014,2018-01
555,6,0.9749162,2018-01
556,7,0.9479258,2018-06
557,6,0.49021435,2018-01
558,6,0.7822579,2018-01
559,6,0.69129336,2018-01
560,6,0.9879975,2017-12
561,6,0.7754997,2017-12
562,6,0.9460967,2017-12
563,8,0.4897623,2018-06
564,6,0.69735074,2017-12
565,3,0.25757384,2017-12
566,5,0.61935633,2017-12
567,8,0.5804148,2017-12
568,6,0.8610485,2017-12
569,6,0.82110274,2017-12
570,6,0.56501293,2017-12
571,6,0.76007944,2017-12
572,5,0.99399817,2017-12
573,9,0.87369657,2018-06
574,6,0.96621585,2017-12
575,6,0.86560714,2017-12
576,6,0.89100176,2017-12
577,6,0.5430844,2017-12
578,4,0.77905834,2017-12
579,6,0.3565574,2017-12
580,7,0.6557875,2017-12
581,6,0.59304506,2017-11
582,6,0.4539356,2017-11
583,4,0.48295352,2018-06
584,6,0.305171,2017-11
585,3,0.5808607,2017-11
586,6,0.60586876,2017-11
587,8,0.6115191,2017-11
588,6,0.43296796,2017-11
589,6,0.9511896,2017-11
590,6,0.58104837,2017-11
591,6,0.7554239,2017-11
592,6,0.4702076,2017-11
593,8,0.53148854,2018-06
594,6,0.8283755,2017-11
595,6,0.59923065,2017-11
596,6,0.59702504,2017-11
597,5,0.48745292,2017-11
598,8,0.7803539,2017-11
599,6,0.78676856,2017-11
600,9,0.99188983,2017-11
601,6,0.77850723,2017-11
602,6,0.7120704,2017-11
603,6,0.5714624,2018-07
604,7,0.6384472,2018-06
605,6,0.47428745,2017-11
606,6,0.6970334,2017-11
607,6,0.8341571,2017-11
608,6,0.61220855,2017-11
609,6,0.8032304,2017-11
610,8,0.8780091,2017-11
611,3,0.41118613,2017-11
612,6,0.5484929,2017-11
613,6,0.76423097,2017-11
614,8,0.49452454,2018-06
615,8,0.5142146,2017-11
616,3,0.98084563,2017-11
617,6,0.60326415,2017-11
618,6,0.61082953,2017-11
619,1,0.38810337,2017-11
620,1,0.7959124,2017-11
621,0,0.36014935,2017-11
622,6,0.67784035,2017-11
623,6,0.9025966,2017-11
624,0,0.65498924,2018-06
625,6,0.5867072,2017-11
626,7,0.4889818,2017-11
627,2,0.50931,2017-10
628,8,0.48500168,2017-10
629,6,0.6490385,2017-10
630,8,0.5521551,2017-10
631,8,0.5367499,2017-10
632,6,0.6345516,2017-10
633,6,0.61135715,2017-10
634,6,0.81510556,2018-06
635,5,0.73981816,2017-10
636,5,0.5126293,2017-10
637,6,0.6489455,2017-10
638,6,0.47613847,2017-10
639,6,0.7618095,2017-10
640,6,0.6295842,2017-10
641,7,0.3750568,2017-10
642,8,0.68241596,2017-10
643,4,0.4475901,2017-10
644,6,0.53153783,2018-06
645,4,0.524893,2017-10
646,3,0.7414433,2017-10
647,6,0.53247,2017-10
648,6,0.46421295,2017-10
649,8,0.9932824,2017-10
650,5,0.57221746,2017-10
651,1,0.35284778,2017-10
652,8,0.35340777,2017-10
653,1,0.6224764,2017-10
654,6,0.4484789,2017-10
655,6,0.6449016,2018-06
656,6,0.33447838,2017-10
657,6,0.64185405,2017-10
658,6,0.37208137,2017-10
659,3,0.47916833,2017-10
660,6,0.56103504,2017-10
661,8,0.7665094,2017-10
662,8,0.4777612,2017-10
663,6,0.4890935,2017-10
664,6,0.4892437,2017-10
665,3,0.7233366,2017-10
666,4,0.443026,2018-06
667,6,0.81847286,2017-10
668,8,0.589027,2017-10
669,7,0.4129618,2017-10
670,8,0.49119574,2017-10
671,4,0.4408994,2017-10
672,6,0.5260247,2017-10
673,6,0.89311135,2017-10
674,6,0.60479003,2017-10
675,6,0.42738047,2017-10
676,7,0.4877248,2018-06
677,8,0.98636055,2017-10
678,8,0.51244605,2017-10
679,6,0.5328904,2017-10
680,6,0.4895001,2017-10
681,6,0.711478,2017-10
682,8,0.61455727,2017-10
683,1,0.6459819,2017-10
684,6,0.7390366,2017-10
685,8,0.431748,2017-10
686,3,0.6383325,2017-10
687,5,0.31268507,2018-06
688,6,0.80545384,2017-10
689,6,0.57144433,2017-10
690,6,0.7394845,2017-10
691,6,0.45994306,2017-09
692,6,0.5859155,2017-09
693,6,0.85534495,2017-09
694,4,0.38570872,2017-09
695,6,0.4752762,2017-09
696,3,0.5151965,2017-09
697,6,0.4275833,2017-09
698,8,0.6336136,2018-06
699,6,0.67136884,2017-09
700,6,0.82437056,2017-09
701,6,0.7515386,2017-09
702,6,0.9967385,2017-09
703,6,0.590703,2017-09
704,6,0.6439065,2017-09
705,6,0.70231444,2017-09
706,6,0.9819942,2017-09
707,6,0.7051664,2017-09
708,3,0.7561336,2018-07
709,6,0.75708276,2018-06
710,8,0.88274527,2017-09
711,6,0.5617583,2017-09
712,6,0.34423152,2017-09
713,6,0.6443035,2017-09
714,6,0.3593317,2017-09
715,5,0.397711,2017-09
716,3,0.68296784,2017-09
717,1,0.38920945,2017-09
718,5,0.9782106,2017-09
719,8,0.34452063,2017-09
720,6,0.90229934,2018-06
721,6,0.8563655,2017-09
722,4,0.6300337,2017-09
723,4,0.84290004,2017-09
724,4,0.6207778,2017-09
725,6,0.5837994,2017-09
726,8,0.67382026,2017-09
727,1,0.57834405,2017-09
728,6,0.8731813,2017-09
729,6,0.77989393,2017-09
730,4,0.79786694,2018-06
731,6,0.7116239,2017-09
732,6,0.9204269,2017-09
733,6,0.7058175,2017-09
734,6,0.5913647,2017-09
735,6,0.32928956,2017-09
736,6,0.4938448,2017-09
737,6,0.74469167,2017-09
738,6,0.7736035,2017-09
739,1,0.8937554,2017-09
740,2,0.31070477,2017-09
741,5,0.756277,2018-06
742,6,0.62719476,2017-09
743,9,0.8240514,2017-09
744,5,0.32526293,2017-09
745,6,0.91819817,2017-09
746,1,0.40314972,2017-09
747,6,0.43568295,2017-09
748,8,0.49555662,2017-09
749,6,0.5704783,2017-09
750,6,0.30309916,2017-09
751,6,0.6904165,2018-06
752,6,0.91724,2017-08
753,6,0.46498168,2017-08
754,3,0.6969912,2017-08
755,4,0.48393494,2017-08
756,6,0.48797128,2017-08
757,6,0.9079102,2017-08
758,6,0.44943824,2017-08
759,6,0.68580943,2017-08
760,6,0.6213734,2017-08
761,8,0.6020202,2017-08
762,6,0.72694016,2018-06
763,6,0.9749672,2017-08
764,4,0.99552155,2017-08
765,4,0.6184667,2017-08
766,4,0.59367377,2017-08
767,6,0.60303074,2017-08
768,1,0.81885916,2017-08
769,8,0.48051435,2017-08
770,6,0.7342974,2017-08
771,6,0.7602655,2017-08
772,6,0.76788837,2018-06
773,6,0.67156416,2017-08
774,6,0.6992462,2017-08
775,6,0.97210467,2017-08
776,6,0.8967657,2017-08
777,0,0.3874412,2017-08
778,6,0.9158724,2017-08
779,6,0.41453692,2017-08
780,6,0.3704502,2017-08
781,6,0.76218766,2017-08
782,6,0.6017651,2017-08
783,8,0.4395449,2018-06
784,6,0.71303195,2017-07
785,3,0.3168987,2017-07
786,6,0.55267453,2017-07
787,6,0.6791232,2017-07
788,6,0.83510166,2017-07
789,6,0.9923054,2017-07
790,6,0.817998,2017-07
791,6,0.7148781,2017-07
792,6,0.98676187,2018-06
793,3,0.5172252,2017-07
794,5,0.88268757,2017-07
795,6,0.72351485,2017-07
796,6,0.9553218,2017-07
797,5,0.31577694,2017-07
798,6,0.5841229,2017-07
799,5,0.29428855,2017-07
800,8,0.62218416,2017-07
801,6,0.6623553,2017-07
802,6,0.61982983,2017-07
803,6,0.6408662,2018-06
804,6,0.88873804,2017-07
805,6,0.7592433,2017-07
806,4,0.5040871,2017-07
807,6,0.6226276,2017-07
808,6,0.48397923,2017-07
809,9,0.4335313,2017-07
810,6,0.7486525,2017-07
811,6,0.644259,2017-07
812,6,0.8570264,2017-07
813,6,0.8342448,2018-07
814,8,0.50457895,2018-06
815,4,0.26342934,2017-07
816,6,0.9551167,2017-07
817,6,0.94051963,2017-07
818,6,0.5078341,2017-07
819,6,0.607533,2017-07
820,5,0.3525859,2017-07
821,6,0.76568496,2017-07
822,9,0.872277,2017-07
823,9,0.5249899,2017-07
824,6,0.58158445,2018-06
825,6,0.6744159,2017-07
826,6,0.5972768,2017-07
827,6,0.29543144,2017-07
828,6,0.7465709,2017-07
829,6,0.78503597,2017-07
830,6,0.8687008,2017-07
831,6,0.58071995,2017-07
832,6,0.50473297,2017-07
833,2,0.4918728,2018-06
834,6,0.4394984,2017-07
835,6,0.5403746,2017-07
836,4,0.61454976,2017-07
837,6,0.9877464,2017-07
838,6,0.79214156,2017-07
839,6,0.8243291,2017-07
840,6,0.93911076,2017-07
841,1,0.520655,2017-07
842,1,0.49539733,2017-07
843,6,0.5306154,2017-07
844,6,0.50523,2018-06
845,6,0.7357404,2017-07
846,8,0.6525096,2017-07
847,4,0.56074816,2017-07
848,8,0.45379424,2017-07
849,5,0.72973824,2017-07
850,6,0.7716657,2017-07
851,6,0.77826416,2017-07
852,5,0.3923715,2017-07
853,6,0.99415463,2018-06
854,6,0.7953929,2017-07
855,5,0.33352974,2017-07
856,6,0.9292427,2017-07
857,6,0.50346,2017-07
858,6,0.87695354,2017-07
859,6,0.6478828,2017-07
860,6,0.41006258,2017-07
861,9,0.64735377,2017-07
862,6,0.7625074,2017-07
863,5,0.4735507,2017-07
864,6,0.5529912,2018-06
865,6,0.472029,2017-07
866,6,0.53184783,2017-06
867,6,0.6856808,2017-06
868,6,0.3616773,2017-06
869,6,0.63495725,2017-06
870,6,0.9102718,2017-06
871,6,0.57524616,2017-06
872,5,0.3134697,2017-06
873,9,0.6081604,2017-06
874,9,0.49233013,2018-06
875,6,0.6975625,2017-06
876,6,0.7269973,2017-06
877,4,0.55189526,2017-06
878,5,0.29200235,2017-06
879,4,0.67800915,2017-06
880,6,0.9184527,2017-06
881,6,0.9610831,2017-06
882,9,0.7845882,2017-06
883,6,0.92684716,2017-06
884,5,0.32897118,2017-06
885,5,0.35183468,2018-06
886,6,0.9977829,2017-06
887,6,0.83571124,2017-06
888,6,0.47059646,2017-06
889,3,0.671724,2017-06
890,6,0.6777908,2017-06
891,8,0.52201146,2017-06
892,8,0.51747537,2017-06
893,6,0.8961887,2017-06
894,8,0.5029797,2017-06
895,6,0.674037,2017-06
896,6,0.62292,2018-06
897,3,0.30901214,2017-06
898,6,0.88305026,2017-06
899,6,0.5314879,2017-06
900,8,0.67345166,2017-06
901,6,0.6566355,2017-06
902,6,0.9147681,2017-06
903,9,0.55341625,2017-06
904,9,0.87822574,2017-06
905,6,0.83181685,2017-06
906,6,0.66038716,2017-06
907,8,0.32471466,2018-06
908,6,0.5551117,2017-06
909,6,0.86699945,2017-06
910,6,0.51764446,2017-06
911,6,0.37881985,2017-06
912,6,0.5094337,2017-06
913,6,0.51193696,2017-06
914,2,0.5704342,2017-06
915,6,0.39350715,2017-06
916,6,0.8699755,2017-06
917,5,0.5792241,2017-06
918,6,0.85836965,2018-07
919,6,0.8802334,2018-06
920,8,0.39494497,2017-06
921,6,0.41149393,2017-06
922,5,0.7598998,2017-06
923,6,0.7180133,2017-06
924,6,0.3382134,2017-06
925,6,0.57635343,2017-06
926,6,0.69564,2017-06
927,8,0.84107953,2017-06
928,6,0.66188365,2017-06
929,6,0.87887895,2017-06
930,6,0.82360053,2017-06
931,4,0.61586964,2017-05
932,6,0.5474773,2017-05
933,6,0.6489518,2017-05
934,6,0.5911815,2017-05
935,6,0.8131906,2017-05
936,6,0.5997716,2017-05
937,4,0.5138715,2017-05
938,6,0.8080922,2018-06
939,6,0.84327126,2017-05
940,6,0.7444397,2017-05
941,6,0.8233954,2017-05
942,6,0.9761977,2017-05
943,6,0.53163767,2017-05
944,6,0.65963376,2017-05
945,3,0.48010606,2017-05
946,6,0.76205695,2017-05
947,6,0.75111836,2017-05
948,6,0.99660265,2017-05
949,6,0.40755767,2018-06
950,6,0.98549336,2017-05
951,6,0.7773733,2017-05
952,6,0.90585494,2017-05
953,9,0.6437429,2017-05
954,9,0.9911745,2017-05
955,8,0.37938994,2017-05
956,3,0.8541657,2017-05
957,6,0.39018533,2017-05
958,6,0.4668689,2017-05
959,6,0.839478,2018-06
960,6,0.83692217,2017-05
961,6,0.827585,2017-05
962,6,0.6389825,2017-05
963,6,0.80579615,2017-05
964,6,0.87483215,2017-05
965,6,0.67664546,2017-04
966,6,0.9821112,2017-04
967,6,0.45102555,2017-04
968,5,0.78480065,2017-04
969,5,0.44770834,2018-06
970,6,0.52956045,2017-04
971,9,0.66278136,2017-04
972,6,0.7405975,2017-04
973,9,0.68325007,2017-04
974,4,0.349463,2017-04
975,6,0.5333234,2017-04
976,6,0.5229415,2017-04
977,6,0.438286,2017-04
978,1,0.6153797,2017-04
979,6,0.54364264,2018-06
980,4,0.5733789,2017-04
981,6,0.59801024,2017-04
982,6,0.5135594,2017-04
983,6,0.6558473,2017-04
984,6,0.65803474,2017-04
985,6,0.53570867,2017-04
986,6,0.6726785,2017-04
987,4,0.613389,2017-04
988,3,0.60678566,2017-04
989,6,0.38752627,2017-04
990,6,0.855032,2018-06
991,6,0.8927345,2017-04
992,6,0.6668556,2017-04
993,6,0.9148487,2017-04
994,6,0.36364546,2017-04
995,6,0.5431635,2017-03
996,6,0.36673293,2017-03
997,6,0.5751972,2017-03
998,6,0.82868516,2017-03
999,6,0.41900927,2017-03
1000,6,0.9811565,2017-03
1001,6,0.6803986,2018-06
1002,6,0.7168052,2017-03
1003,6,0.99237126,2017-03
1004,6,0.7883453,2017-03
1005,6,0.7532126,2017-03
1006,6,0.95178735,2017-03
1007,6,0.5750694,2017-03
1008,6,0.6149356,2017-03
1009,6,0.53738993,2017-03
1010,6,0.67854214,2018-06
1011,4,0.49582183,2017-03
1012,6,0.8909955,2017-03
1013,6,0.8391973,2017-03
1014,6,0.6417106,2017-03
1015,6,0.9943025,2017-03
1016,6,0.9940381,2017-03
1017,6,0.83800614,2017-03
1018,6,0.89279115,2017-03
1019,6,0.8767465,2017-03
1020,6,0.9857112,2017-03
1021,6,0.78397363,2018-07
1022,6,0.9964558,2018-06
1023,8,0.4581068,2017-03
1024,6,0.59968305,2017-03
1025,6,0.750917,2017-03
1026,6,0.51660544,2017-03
1027,7,0.4112458,2017-03
1028,5,0.2876088,2017-03
1029,6,0.44343826,2017-03
1030,4,0.5497148,2017-03
1031,5,0.8009293,2017-03
1032,5,0.5109059,2017-03
1033,8,0.6462159,2018-06
1034,6,0.41076198,2017-03
1035,4,0.39571768,2017-03
1036,6,0.45052844,2017-03
1037,6,0.4897389,2017-03
1038,6,0.46088055,2017-03
1039,4,0.92625463,2017-02
1040,9,0.4047915,2017-02
1041,3,0.6363036,2017-02
1042,2,0.50158656,2018-06
1043,6,0.43128574,2017-02
1044,6,0.98695374,2017-02
1045,6,0.76273316,2017-02
1046,5,0.31472677,2017-02
1047,6,0.4002294,2017-02
1048,6,0.91656697,2017-02
1049,5,0.4525997,2017-02
1050,6,0.62405163,2017-02
1051,9,0.96744096,2017-02
1052,5,0.2983155,2017-02
1053,6,0.6311363,2018-06
1054,6,0.66281974,2017-02
1055,6,0.7726952,2017-02
1056,6,0.89621544,2017-02
1057,6,0.76109695,2017-02
1058,8,0.50181615,2017-02
1059,6,0.73480564,2017-02
1060,4,0.8745937,2017-02
1061,6,0.6730324,2017-02
1062,6,0.7610474,2018-06
1063,6,0.99357015,2017-02
1064,6,0.6330964,2017-02
1065,6,0.40551662,2017-02
1066,6,0.5947493,2017-02
1067,6,0.79135936,2017-02
1068,0,0.53085166,2017-01
1069,6,0.8045589,2017-01
1070,6,0.987997,2017-01
1071,6,0.5993548,2017-01
1072,6,0.62388635,2018-06
1073,6,0.9599981,2017-01
1074,3,0.6714449,2017-01
1075,6,0.8905902,2017-01
1076,6,0.3502951,2017-01
1077,6,0.7561849,2017-01
1078,6,0.707851,2017-01
1079,6,0.7256406,2017-01
1080,6,0.4404846,2017-01
1081,4,0.50253934,2017-01
1082,6,0.9367075,2018-06
1083,6,0.9189973,2017-01
1084,4,0.34641942,2017-01
1085,6,0.43022874,2017-01
1086,6,0.6817547,2017-01
1087,6,0.601766,2017-01
1088,2,0.523762,2017-01
1089,6,0.79844385,2017-01
1090,6,0.7721153,2017-01
1091,6,0.62548864,2017-01
1092,6,0.4251711,2018-06
1093,6,0.61312884,2016-12
1094,8,0.5686552,2016-12
1095,6,0.66376996,2016-12
1096,6,0.59077996,2016-12
1097,8,0.35870445,2016-12
1098,6,0.99189013,2016-12
1099,8,0.5169908,2016-12
1100,6,0.44900548,2016-12
1101,4,0.3479038,2016-12
1102,6,0.67737854,2018-06
1103,9,0.44234693,2016-12
1104,6,0.57788056,2016-12
1105,6,0.73363787,2016-12
1106,6,0.75712067,2018-06
1107,6,0.98332906,2016-12
1108,6,0.5000921,2016-12
1109,5,0.5071616,2018-06
1110,3,0.6027718,2018-06
1111,5,0.6173269,2018-03
1112,5,0.82198524,2018-03
1113,6,0.7278745,2018-03
1114,5,0.3841391,2018-03
1115,5,0.6056912,2018-03
1116,5,0.9440439,2018-03
1117,5,0.81123185,2018-03
1118,3,0.49985972,2018-03
1119,5,0.512037,2018-03
1120,7,0.34069937,2018-06
1121,5,0.5670124,2018-02
1122,3,0.49653402,2018-02
1123,5,0.7612019,2018-02
1124,7,0.5187467,2018-02
1125,6,0.57941896,2018-02
1126,5,0.5572238,2018-02
1127,5,0.75092137,2018-02
1128,6,0.39275712,2018-02
1129,8,0.45432726,2018-02
1130,6,0.41422653,2018-02
1131,7,0.38612235,2018-06
1132,5,0.5822231,2018-02
1133,3,0.4218753,2018-02
1134,5,0.8545116,2018-02
1135,5,0.61525327,2018-02
1136,2,0.49977925,2018-02
1137,5,0.31514493,2018-02
1138,5,0.4316391,2018-02
1139,3,0.72613364,2018-01
1140,5,0.4178553,2018-01
1141,3,0.7720348,2018-01
1142,5,0.8391192,2018-06
1143,5,0.47583827,2018-01
1144,6,0.48127434,2018-01
1145,5,0.6349483,2018-01
1146,3,0.33708656,2018-01
1147,5,0.44331297,2018-01
1148,5,0.6018308,2018-01
1149,5,0.58848476,2018-01
1150,3,0.7231469,2018-01
1151,6,0.4622516,2018-01
1152,3,0.3611248,2018-01
1153,8,0.57125044,2018-06
1154,5,0.6521304,2018-01
1155,1,0.55164546,2018-01
1156,3,0.54322696,2018-01
1157,8,0.33443594,2018-01
1158,3,0.7760131,2018-01
1159,7,0.7922114,2018-01
1160,5,0.81313205,2018-01
1161,6,0.5153807,2018-01
1162,3,0.61600953,2017-12
1163,5,0.65754783,2017-12
1164,5,0.44271898,2018-06
1165,5,0.62763584,2017-12
1166,7,0.3272378,2017-12
1167,5,0.64987886,2017-12
1168,6,0.40497455,2017-12
1169,2,0.66687393,2017-11
1170,8,0.33640262,2018-06
1171,5,0.40535888,2017-11
1172,5,0.5433603,2017-11
1173,5,0.48730695,2017-11
1174,5,0.31181625,2017-11
1175,3,0.9888866,2017-11
1176,7,0.32932338,2017-11
1177,7,0.31366295,2017-11
1178,4,0.5157279,2017-11
1179,5,0.6166701,2017-11
1180,1,0.2300514,2017-11
1181,5,0.5424327,2018-06
1182,6,0.36776918,2017-11
1183,5,0.6055995,2017-11
1184,5,0.72387207,2017-11
1185,5,0.48270142,2017-11
1186,6,0.6584612,2017-10
1187,1,0.52557373,2017-10
1188,5,0.6254696,2017-10
1189,3,0.4274358,2017-10
1190,5,0.692833,2017-10
1191,5,0.5164271,2017-10
1192,5,0.44287568,2018-06
1193,3,0.4843831,2017-10
1194,5,0.42815518,2017-10
1195,3,0.5335844,2017-10
1196,5,0.2771573,2017-10
1197,6,0.35974002,2017-10
1198,5,0.6877169,2017-10
1199,5,0.4817776,2017-10
1200,5,0.69742644,2017-10
1201,8,0.44042155,2017-10
1202,5,0.8992361,2017-10
1203,1,0.6262167,2018-06
1204,6,0.70699906,2017-10
1205,5,0.3634072,2017-10
1206,8,0.41101685,2017-10
1207,6,0.6850347,2017-10
1208,6,0.38466415,2017-10
1209,3,0.9878357,2017-09
1210,5,0.4977163,2017-09
1211,1,0.4475625,2017-09
1212,1,0.6197173,2017-09
1213,6,0.3542599,2017-09
1214,5,0.40398592,2018-06
1215,6,0.23123476,2018-06
1216,6,0.55038124,2017-09
1217,5,0.99296755,2017-09
1218,8,0.53316486,2017-09
1219,3,0.38939807,2017-09
1220,5,0.5277444,2017-09
1221,3,0.8610265,2017-09
1222,5,0.6311447,2017-09
1223,5,0.90696365,2017-08
1224,5,0.5607456,2017-08
1225,1,0.427829,2017-08
1226,5,0.42433578,2018-06
1227,5,0.79040515,2017-08
1228,0,0.3821717,2017-08
1229,5,0.95481294,2017-08
1230,1,0.49342272,2017-08
1231,5,0.66578424,2017-08
1232,4,0.4507194,2017-08
1233,5,0.9930218,2017-08
1234,3,0.57166183,2017-08
1235,6,0.44504115,2017-07
1236,5,0.74753404,2017-07
1237,5,0.9891543,2018-06
1238,6,0.7179919,2017-07
1239,5,0.5627323,2017-07
1240,5,0.6098487,2017-07
1241,5,0.93118787,2017-07
1242,8,0.6374547,2017-07
1243,6,0.63835293,2017-07
1244,4,0.3699014,2017-07
1245,5,0.9628787,2017-06
1246,5,0.7578243,2017-06
1247,1,0.46695864,2017-06
1248,5,0.62413955,2018-06
1249,6,0.68906075,2017-06
1250,5,0.51934636,2017-06
1251,3,0.51232797,2017-06
1252,6,0.44660568,2017-06
1253,5,0.987497,2017-06
1254,6,0.4165145,2017-06
1255,6,0.47921452,2017-06
1256,5,0.8918516,2017-06
1257,3,0.8267415,2017-06
1258,5,0.515917,2017-06
1259,7,0.3920529,2018-06
1260,6,0.50702643,2017-06
1261,5,0.44502985,2017-06
1262,5,0.77978384,2017-06
1263,5,0.856254,2017-06
1264,5,0.38560593,2017-05
1265,5,0.67277765,2017-05
1266,5,0.57680017,2017-05
1267,5,0.52066934,2017-05
1268,5,0.5165276,2017-05
1269,5,0.5469877,2017-05
1270,8,0.4114279,2018-05
1271,3,0.5644868,2017-05
1272,6,0.513446,2017-05
1273,1,0.48716807,2017-05
1274,5,0.937654,2017-05
1275,5,0.7902405,2017-05
1276,6,0.45052728,2017-04
1277,5,0.42307353,2017-04
1278,5,0.5476914,2017-04
1279,5,0.7832357,2017-04
1280,5,0.4618701,2018-05
1281,5,0.6083074,2017-04
1282,6,0.3465138,2017-04
1283,6,0.56997657,2017-04
1284,3,0.44232154,2017-04
1285,5,0.73203415,2017-04
1286,5,0.6417975,2017-04
1287,5,0.8586807,2017-03
1288,5,0.9915064,2017-03
1289,5,0.82055765,2017-03
1290,5,0.816318,2017-03
1291,6,0.38849565,2018-05
1292,6,0.32938614,2017-03
1293,5,0.94229555,2017-03
1294,5,0.62608504,2017-03
1295,5,0.40636545,2017-03
1296,5,0.6593127,2017-03
1297,5,0.5061971,2017-02
1298,5,0.5700076,2017-02
1299,5,0.6285268,2017-02
1300,5,0.6789411,2017-01
1301,8,0.47598204,2017-01
1302,5,0.5830593,2018-05
1303,5,0.75997627,2017-01
1304,5,0.43383422,2017-01
1305,5,0.41774565,2017-01
1306,5,0.7155059,2017-01
1307,6,0.53121907,2017-01
1308,5,0.58807456,2017-01
1309,5,0.5295821,2017-01
1310,5,0.521994,2017-01
1311,5,0.6200472,2017-01
1312,3,0.45898226,2017-01
1313,3,0.28841066,2018-05
1314,5,0.40623683,2018-06
1315,5,0.95416296,2018-05
1316,6,0.7455177,2018-05
1317,3,0.36157286,2018-05
1318,6,0.5838354,2018-05
1319,5,0.6795852,2018-05
1320,5,0.8533955,2018-05
1321,3,0.29702926,2018-05
1322,1,0.6208535,2018-05
1323,5,0.55411375,2018-05
1324,5,0.39750522,2018-05
1325,4,0.3384099,2018-06
1326,7,0.46768937,2018-05
1327,6,0.41891274,2018-05
1328,6,0.3265047,2018-05
1329,8,0.3284757,2018-05
1330,5,0.32688195,2018-04
1331,0,0.3146673,2018-04
1332,6,0.51155925,2018-04
1333,3,0.43160665,2018-04
1334,5,0.6022025,2018-06
1335,5,0.70331365,2018-04
1336,6,0.50481135,2018-04
1337,7,0.5299873,2018-04
1338,8,0.33870894,2018-04
1339,7,0.53809756,2018-04
1340,4,0.4185566,2018-04
1341,5,0.7598623,2018-04
1342,5,0.57324594,2018-04
1343,5,0.49882624,2018-04
1344,5,0.4410874,2018-04
1345,5,0.5863211,2018-06
1346,6,0.6937496,2018-04
1347,3,0.52324915,2018-04
1348,6,0.5145,2018-04
1349,5,0.6760185,2018-04
1350,3,0.5525837,2018-04
1351,5,0.6434552,2018-04
1352,3,0.68144256,2018-04
1353,4,0.32092264,2018-04
1354,5,0.5518414,2018-04
1355,5,0.8636842,2018-04
1356,5,0.4057336,2018-06
1357,5,0.6023141,2018-04
1358,5,0.5245156,2018-04
1359,5,0.93219167,2018-04
1360,6,0.5913863,2018-04
1361,6,0.63573134,2018-04
1362,6,0.39878827,2018-04
1363,5,0.9013588,2018-04
1364,3,0.44063655,2018-04
1365,5,0.6131719,2018-04
1366,4,0.44068158,2018-04
1367,3,0.5804984,2018-06
1368,5,0.66745484,2018-03
1369,6,0.6143859,2018-03
1370,5,0.9939987,2018-03
1371,5,0.5055692,2018-03
1372,3,0.4459126,2018-03
1373,3,0.46143967,2018-03
1374,0,0.3775372,2018-03
1375,5,0.44973105,2018-03
1376,1,0.8113975,2018-03
1377,5,0.8243536,2018-03
1378,3,0.9931803,2018-06
1379,5,0.5353168,2018-03
1380,5,0.6616537,2018-03
1381,5,0.53091794,2018-03
1382,5,0.98524237,2018-03
1383,5,0.9915081,2018-03
1384,5,0.56527704,2018-03
1385,2,0.63417745,2018-07
1386,3,0.4267461,2018-07
1387,7,0.5591106,2018-07
1388,6,0.40475938,2018-04
1389,8,0.5523977,2018-04
1390,8,0.7296824,2018-04
1391,1,0.42854977,2018-04
1392,1,0.5564375,2018-04
1393,8,0.65562326,2018-04
1394,0,0.5929115,2018-04
1395,8,0.72700083,2018-03
1396,7,0.6864067,2018-03
1397,7,0.6816581,2018-03
1398,5,0.37601173,2018-07
1399,9,0.7531033,2018-03
1400,7,0.5960188,2018-03
1401,3,0.59191626,2018-03
1402,1,0.5191503,2018-03
1403,8,0.24825534,2018-03
1404,7,0.49773353,2018-03
1405,8,0.41539457,2018-03
1406,3,0.7443454,2018-03
1407,7,0.56417114,2018-03
1408,7,0.8149784,2018-03
1409,7,0.53858197,2018-07
1410,3,0.6816746,2018-03
1411,8,0.62126905,2018-03
1412,7,0.3329353,2018-03
1413,8,0.5694365,2018-03
1414,4,0.3776951,2018-03
1415,8,0.54230225,2018-03
1416,1,0.74539125,2018-03
1417,7,0.62242866,2018-03
1418,0,0.5195253,2018-03
1419,1,0.39294913,2018-03
1420,8,0.71758604,2018-07
1421,3,0.47069764,2018-03
1422,4,0.44137713,2018-03
1423,7,0.5878906,2018-03
1424,8,0.8847556,2018-03
1425,7,0.5807246,2018-03
1426,3,0.38227087,2018-03
1427,7,0.5041238,2018-03
1428,7,0.48480713,2018-03
1429,8,0.3988682,2018-03
1430,0,0.5711599,2018-03
1431,4,0.9935703,2018-07
1432,8,0.5167308,2018-03
1433,5,0.3630221,2018-03
1434,8,0.53328216,2018-03
1435,2,0.47837555,2018-03
1436,8,0.28338966,2018-03
1437,7,0.88545895,2018-03
1438,4,0.6316258,2018-03
1439,2,0.30154333,2018-03
1440,9,0.484234,2018-03
1441,7,0.568279,2018-03
1442,7,0.8095898,2018-07
1443,2,0.98333055,2018-03
1444,8,0.502014,2018-03
1445,2,0.5360075,2018-03
1446,0,0.53780526,2018-03
1447,2,0.3784276,2018-03
1448,0,0.5535223,2018-03
1449,7,0.4392323,2018-03
1450,8,0.51320404,2018-03
1451,8,0.6358612,2018-03
1452,1,0.5114873,2018-03
1453,7,0.4388182,2018-07
1454,7,0.8744532,2018-03
1455,7,0.8962403,2018-03
1456,7,0.7767554,2018-03
1457,3,0.69147176,2018-03
1458,2,0.5191845,2018-03
1459,7,0.275994,2018-03
1460,3,0.47375056,2018-03
1461,9,0.4482464,2018-03
1462,1,0.5159253,2018-03
1463,7,0.697123,2018-03
1464,7,0.990866,2018-07
1465,1,0.61599725,2018-03
1466,2,0.6332871,2018-03
1467,3,0.5129498,2018-03
1468,3,0.60679466,2018-03
1469,3,0.5170437,2018-03
1470,3,0.5386149,2018-03
1471,7,0.57221305,2018-03
1472,2,0.5930455,2018-03
1473,7,0.5845929,2018-03
1474,7,0.61250496,2018-03
1475,7,0.95252615,2018-07
1476,7,0.5583655,2018-03
1477,7,0.43035796,2018-03
1478,7,0.49356413,2018-03
1479,7,0.59276664,2018-03
1480,7,0.58897066,2018-03
1481,7,0.71225375,2018-03
1482,4,0.7683438,2018-03
1483,7,0.5504417,2018-03
1484,7,0.9914274,2018-03
1485,7,0.32384235,2018-03
1486,3,0.74399096,2018-07
1487,5,0.46757895,2018-03
1488,7,0.9637414,2018-03
1489,2,0.48375964,2018-03
1490,7,0.7560069,2018-03
1491,7,0.70759135,2018-03
1492,0,0.45922023,2018-03
1493,1,0.5606506,2018-03
1494,1,0.44128957,2018-03
1495,3,0.5218618,2018-03
1496,7,0.48843005,2018-03
1497,8,0.58929056,2018-07
1498,0,0.6084103,2018-07
1499,2,0.4005703,2018-03
1500,1,0.5271068,2018-03
1501,4,0.65444505,2018-03
1502,1,0.47433648,2018-03
1503,4,0.94740534,2018-03
1504,8,0.33695164,2018-03
1505,3,0.790243,2018-03
1506,7,0.5118365,2018-03
1507,3,0.6033264,2018-03
1508,7,0.64169025,2018-03
1509,2,0.43652242,2018-07
1510,7,0.5158816,2018-03
1511,5,0.8917037,2018-03
1512,3,0.80890715,2018-03
1513,7,0.4391391,2018-03
1514,3,0.7978119,2018-03
1515,2,0.72379225,2018-03
1516,7,0.8147499,2018-03
1517,7,0.9774967,2018-03
1518,8,0.43922648,2018-03
1519,2,0.8991826,2018-03
1520,5,0.45492753,2018-07
1521,3,0.58077025,2018-03
1522,7,0.72841644,2018-03
1523,4,0.56238794,2018-03
1524,6,0.6395556,2018-03
1525,0,0.39094242,2018-03
1526,5,0.7131448,2018-03
1527,0,0.32506546,2018-03
1528,8,0.6371098,2018-03
1529,8,0.7098045,2018-03
1530,7,0.822864,2018-03
1531,5,0.6952676,2018-07
1532,0,0.48668545,2018-03
1533,8,0.44047728,2018-03
1534,7,0.6783042,2018-03
1535,7,0.44146687,2018-03
1536,0,0.49819902,2018-03
1537,7,0.34385327,2018-03
1538,2,0.38436732,2018-03
1539,9,0.6866628,2018-03
1540,4,0.638981,2018-03
1541,7,0.64029634,2018-03
1542,2,0.5170756,2018-07
1543,5,0.44320777,2018-03
1544,3,0.567239,2018-03
1545,1,0.63485336,2018-03
1546,0,0.42390695,2018-03
1547,0,0.40122107,2018-03
1548,7,0.62158275,2018-03
1549,7,0.7302508,2018-03
1550,7,0.37125334,2018-03
1551,7,0.3985622,2018-03
1552,3,0.3893739,2018-03
1553,7,0.84512955,2018-07
1554,8,0.43782008,2018-03
1555,2,0.5943206,2018-03
1556,8,0.8570322,2018-03
1557,2,0.6046564,2018-03
1558,1,0.6944193,2018-03
1559,0,0.82236874,2018-03
1560,9,0.2935724,2018-03
1561,7,0.4346672,2018-03
1562,6,0.5892114,2018-03
1563,0,0.4475667,2018-03
1564,7,0.40083554,2018-07
1565,7,0.52962816,2018-03
1566,4,0.99090743,2018-03
1567,7,0.9115867,2018-03
1568,8,0.6693436,2018-03
1569,3,0.5069151,2018-03
1570,8,0.4569737,2018-03
1571,7,0.83603084,2018-03
1572,4,0.50117457,2018-03
1573,7,0.5873407,2018-03
1574,7,0.99052423,2018-03
1575,0,0.5479249,2018-07
1576,1,0.809538,2018-03
1577,8,0.76728773,2018-03
1578,7,0.309165,2018-03
1579,3,0.707163,2018-03
1580,8,0.69025886,2018-03
1581,7,0.54959923,2018-03
1582,7,0.9934773,2018-03
1583,0,0.5249176,2018-03
1584,7,0.59760314,2018-03
1585,4,0.8709221,2018-03
1586,2,0.7027566,2018-07
1587,5,0.78919643,2018-03
1588,2,0.869768,2018-03
1589,2,0.5104855,2018-03
1590,0,0.99627995,2018-03
1591,8,0.7360957,2018-03
1592,8,0.8653621,2018-03
1593,3,0.43994915,2018-03
1594,2,0.8182577,2018-03
1595,9,0.5721698,2018-03
1596,4,0.6161584,2018-03
1597,7,0.73587286,2018-07
1598,7,0.4625137,2018-03
1599,8,0.95459,2018-03
1600,7,0.4856202,2018-03
1601,7,0.443334,2018-03
1602,0,0.8491195,2018-03
1603,0,0.34204927,2018-03
1604,0,0.55019003,2018-03
1605,7,0.33718804,2018-03
1606,7,0.4520597,2018-03
1607,1,0.4543299,2018-03
1608,3,0.7778739,2018-07
1609,1,0.77045935,2018-07
1610,8,0.7884279,2018-03
1611,7,0.43083808,2018-03
1612,6,0.27077448,2018-03
1613,7,0.6964141,2018-03
1614,8,0.29396558,2018-03
1615,4,0.45218408,2018-03
1616,7,0.5426282,2018-03
1617,1,0.4298289,2018-03
1618,8,0.6075918,2018-03
1619,7,0.4425509,2018-03
1620,6,0.45248747,2018-07
1621,2,0.6189966,2018-03
1622,6,0.5626917,2018-03
1623,7,0.5329536,2018-03
1624,7,0.5957846,2018-03
1625,3,0.44619638,2018-03
1626,6,0.55020124,2018-03
1627,7,0.7525099,2018-03
1628,7,0.6079222,2018-03
1629,7,0.56379014,2018-03
1630,4,0.52164745,2018-03
1631,7,0.5041417,2018-07
1632,4,0.30201334,2018-03
1633,4,0.32589653,2018-03
1634,7,0.5576837,2018-03
1635,3,0.61708087,2018-03
1636,7,0.33979055,2018-03
1637,7,0.8098749,2018-03
1638,7,0.77957636,2018-03
1639,8,0.34743953,2018-03
1640,2,0.2678627,2018-03
1641,4,0.72618145,2018-03
1642,4,0.713434,2018-07
1643,8,0.32952383,2018-03
1644,9,0.6139571,2018-03
1645,7,0.61835504,2018-03
1646,8,0.7892758,2018-03
1647,8,0.6023379,2018-03
1648,1,0.34573984,2018-03
1649,1,0.3975562,2018-03
1650,6,0.3022391,2018-03
1651,7,0.475151,2018-03
1652,8,0.9921032,2018-03
1653,8,0.5439708,2018-07
1654,4,0.5263062,2018-03
1655,8,0.422222,2018-03
1656,8,0.6780314,2018-03
1657,6,0.37982303,2018-03
1658,7,0.7079542,2018-03
1659,7,0.73331046,2018-03
1660,8,0.648456,2018-03
1661,0,0.52165204,2018-03
1662,5,0.3005432,2018-03
1663,3,0.42005086,2018-03
1664,3,0.5361491,2018-07
1665,2,0.9968077,2018-03
1666,2,0.58643174,2018-03
1667,3,0.5369298,2018-03
1668,0,0.7618849,2018-03
1669,3,0.59377974,2018-03
1670,8,0.526706,2018-03
1671,0,0.5059221,2018-03
1672,8,0.96895826,2018-03
1673,7,0.54176575,2018-03
1674,1,0.6086798,2018-03
1675,7,0.70499504,2018-07
1676,0,0.5143392,2018-03
1677,5,0.4512567,2018-03
1678,1,0.8052391,2018-03
1679,2,0.54504585,2018-03
1680,7,0.7546006,2018-03
1681,7,0.6635346,2018-03
1682,4,0.9946415,2018-03
1683,1,0.59337556,2018-03
1684,6,0.5290727,2018-03
1685,1,0.48683414,2018-03
1686,7,0.39874274,2018-07
1687,3,0.3618495,2018-03
1688,1,0.6017716,2018-03
1689,7,0.5277428,2018-03
1690,7,0.7319106,2018-03
1691,7,0.9922389,2018-03
1692,4,0.5032514,2018-03
1693,3,0.73211545,2018-03
1694,2,0.993524,2018-03
1695,4,0.33384183,2018-03
1696,3,0.35041037,2018-03
1697,3,0.57331616,2018-07
1698,2,0.3486355,2018-03
1699,7,0.5454939,2018-03
1700,7,0.6647714,2018-03
1701,7,0.5654945,2018-03
1702,0,0.6047201,2018-03
1703,2,0.4078385,2018-03
1704,6,0.43828064,2018-03
1705,2,0.36869442,2018-03
1706,4,0.82925755,2018-03
1707,9,0.6346848,2018-03
1708,4,0.39830664,2018-07
1709,7,0.8640933,2018-03
1710,3,0.54616314,2018-03
1711,9,0.66223377,2018-03
1712,6,0.31887174,2018-03
1713,6,0.44330758,2018-03
1714,4,0.39889967,2018-03
1715,7,0.5421362,2018-03
1716,7,0.5038112,2018-03
1717,3,0.5894258,2018-03
1718,7,0.3000056,2018-03
1719,7,0.36561102,2018-07
1720,4,0.6072478,2018-07
1721,7,0.5099216,2018-03
1722,3,0.6642056,2018-03
1723,7,0.52422595,2018-03
1724,7,0.7808489,2018-03
1725,7,0.6774565,2018-03
1726,6,0.4688434,2018-03
1727,5,0.4513339,2018-03
1728,3,0.57022315,2018-03
1729,2,0.4402389,2018-03
1730,7,0.5310688,2018-03
1731,7,0.35889918,2018-07
1732,8,0.58183175,2018-03
1733,7,0.39756414,2018-03
1734,0,0.44483078,2018-03
1735,0,0.31657732,2018-03
1736,7,0.8492616,2018-03
1737,7,0.7680291,2018-03
1738,7,0.4678088,2018-03
1739,6,0.47549418,2018-03
1740,8,0.5843299,2018-03
1741,2,0.776678,2018-03
1742,7,0.7499722,2018-07
1743,7,0.5823159,2018-03
1744,2,0.65321153,2018-03
1745,2,0.4948768,2018-03
1746,2,0.46604112,2018-03
1747,7,0.49737558,2018-03
1748,2,0.34908104,2018-03
1749,8,0.6004601,2018-03
1750,9,0.39179522,2018-03
1751,7,0.8478865,2018-03
1752,5,0.43114287,2018-03
1753,7,0.36689612,2018-07
1754,5,0.320378,2018-03
1755,2,0.4780002,2018-03
1756,2,0.5733093,2018-03
1757,7,0.5977686,2018-03
1758,7,0.76256084,2018-03
1759,8,0.36075693,2018-03
1760,7,0.96365833,2018-03
1761,7,0.6960431,2018-02
1762,7,0.46345603,2018-02
1763,8,0.47635946,2018-02
1764,7,0.4120942,2018-07
1765,2,0.50067407,2018-02
1766,7,0.4389426,2018-02
1767,2,0.6060061,2018-02
1768,3,0.39244363,2018-02
1769,0,0.43934888,2018-02
1770,2,0.6908411,2018-02
1771,2,0.51335543,2018-02
1772,2,0.57019943,2018-02
1773,7,0.7594147,2018-02
1774,7,0.5084018,2018-02
1775,3,0.57775337,2018-07
1776,0,0.3742834,2018-02
1777,7,0.9748575,2018-02
1778,2,0.7179164,2018-02
1779,4,0.5917976,2018-02
1780,7,0.49010038,2018-02
1781,3,0.45453444,2018-02
1782,2,0.4700381,2018-02
1783,5,0.3429934,2018-02
1784,2,0.63184047,2018-02
1785,2,0.37769642,2018-02
1786,7,0.82854,2018-07
1787,2,0.66415507,2018-02
1788,7,0.5051381,2018-02
1789,3,0.51893675,2018-02
1790,7,0.3938881,2018-02
1791,7,0.6677649,2018-02
1792,7,0.45794055,2018-02
1793,8,0.5434623,2018-02
1794,2,0.7641628,2018-02
1795,7,0.73248285,2018-02
1796,2,0.41076577,2018-02
1797,7,0.65504205,2018-07
1798,4,0.33040476,2018-02
1799,2,0.34887037,2018-02
1800,7,0.51139164,2018-02
1801,1,0.5183828,2018-02
1802,7,0.3922916,2018-02
1803,8,0.7180127,2018-02
1804,3,0.2948375,2018-02
1805,3,0.59879553,2018-02
1806,1,0.53783816,2018-02
1807,1,0.52912325,2018-02
1808,7,0.5382734,2018-07
1809,0,0.8041124,2018-02
1810,1,0.4809073,2018-02
1811,3,0.60161674,2018-02
1812,2,0.9932316,2018-02
1813,1,0.5386789,2018-02
1814,4,0.45446506,2018-02
1815,8,0.5053949,2018-02
1816,2,0.5405754,2018-02
1817,3,0.41353792,2018-02
1818,7,0.3156165,2018-02
1819,7,0.40963918,2018-07
1820,7,0.60082704,2018-02
1821,7,0.6430227,2018-02
1822,2,0.75708556,2018-02
1823,3,0.44266587,2018-02
1824,0,0.38983452,2018-02
1825,1,0.67159927,2018-02
1826,7,0.64968354,2018-02
1827,4,0.3792835,2018-02
1828,7,0.5947091,2018-02
1829,6,0.34219322,2018-02
1830,7,0.8048193,2018-07
1831,4,0.5847336,2018-07
1832,1,0.34511137,2018-02
1833,2,0.588836,2018-02
1834,7,0.50644624,2018-02
1835,8,0.51337826,2018-02
1836,1,0.49404222,2018-02
1837,0,0.36718252,2018-02
1838,2,0.5528677,2018-02
1839,7,0.37317702,2018-02
1840,8,0.3588953,2018-02
1841,7,0.5452766,2018-02
1842,6,0.48677364,2018-07
1843,4,0.79839385,2018-02
1844,8,0.3716504,2018-02
1845,6,0.5797811,2018-02
1846,2,0.79571277,2018-02
1847,3,0.48599517,2018-02
1848,1,0.5730924,2018-02
1849,8,0.9339654,2018-02
1850,7,0.73044425,2018-02
1851,7,0.78214395,2018-02
1852,1,0.40112203,2018-02
1853,3,0.56793636,2018-07
1854,3,0.61554056,2018-02
1855,4,0.6133842,2018-02
1856,4,0.7296,2018-02
1857,7,0.654267,2018-02
1858,3,0.5795748,2018-02
1859,4,0.4012477,2018-02
1860,0,0.27213398,2018-02
1861,7,0.4607114,2018-02
1862,1,0.9372098,2018-02
1863,2,0.8433549,2018-02
1864,8,0.41168833,2018-07
1865,1,0.48286897,2018-02
1866,7,0.5827653,2018-02
1867,1,0.57793957,2018-02
1868,7,0.667823,2018-02
1869,4,0.72774893,2018-02
1870,4,0.56685656,2018-02
1871,7,0.7909646,2018-02
1872,4,0.53171885,2018-02
1873,4,0.44732088,2018-02
1874,8,0.26832342,2018-02
1875,7,0.7241998,2018-07
1876,5,0.49855354,2018-02
1877,2,0.59705526,2018-02
1878,4,0.40480614,2018-02
1879,4,0.9666146,2018-02
1880,8,0.44716877,2018-02
1881,7,0.48046464,2018-02
1882,7,0.39564928,2018-02
1883,7,0.7143008,2018-02
1884,0,0.52172476,2018-02
1885,1,0.6941714,2018-02
1886,3,0.36549348,2018-07
1887,4,0.7333804,2018-02
1888,7,0.67375785,2018-02
1889,4,0.7510663,2018-02
1890,9,0.38994595,2018-02
1891,2,0.36939314,2018-02
1892,3,0.27197093,2018-02
1893,2,0.41273588,2018-02
1894,4,0.47455838,2018-02
1895,3,0.5925107,2018-02
1896,9,0.37234747,2018-02
1897,3,0.34871787,2018-07
1898,7,0.5586768,2018-02
1899,4,0.814943,2018-02
1900,4,0.46885458,2018-02
1901,7,0.5252856,2018-02
1902,3,0.57956713,2018-02
1903,8,0.54127496,2018-02
1904,8,0.82712555,2018-02
1905,7,0.79169965,2018-02
1906,0,0.51080024,2018-02
1907,3,0.43985948,2018-02
1908,3,0.32818827,2018-07
1909,3,0.85959053,2018-02
1910,4,0.41083032,2018-02
1911,2,0.4775692,2018-02
1912,6,0.45894742,2018-02
1913,3,0.41291428,2018-02
1914,8,0.623189,2018-02
1915,8,0.4949528,2018-02
1916,8,0.868309,2018-02
1917,3,0.4436778,2018-02
1918,3,0.5770598,2018-02
1919,3,0.6812122,2018-07
1920,7,0.8390066,2018-02
1921,1,0.44246262,2018-02
1922,7,0.61253303,2018-02
1923,2,0.33952197,2018-02
1924,7,0.4243122,2018-02
1925,2,0.55822194,2018-02
1926,1,0.46572113,2018-02
1927,7,0.5022954,2018-02
1928,7,0.546208,2018-02
1929,2,0.61415005,2018-02
1930,8,0.7163772,2018-07
1931,7,0.8082903,2018-02
1932,4,0.3636401,2018-02
1933,7,0.4358185,2018-02
1934,7,0.6312449,2018-02
1935,7,0.6718223,2018-02
1936,7,0.9827875,2018-02
1937,1,0.5010382,2018-02
1938,7,0.47164485,2018-02
1939,6,0.33755663,2018-02
1940,7,0.72757864,2018-02
1941,7,0.8265345,2018-07
1942,8,0.4823875,2018-07
1943,3,0.5855934,2018-02
1944,7,0.64477247,2018-02
1945,3,0.46084204,2018-02
1946,6,0.5566561,2018-02
1947,7,0.64882576,2018-02
1948,7,0.9479582,2018-02
1949,8,0.48843038,2018-02
1950,6,0.51661026,2018-02
1951,2,0.39703137,2018-02
1952,4,0.5276826,2018-02
1953,7,0.6694413,2018-07
1954,3,0.536079,2018-02
1955,2,0.5995273,2018-02
1956,3,0.59641886,2018-02
1957,7,0.31053108,2018-02
1958,6,0.48109102,2018-02
1959,7,0.47393498,2018-02
1960,7,0.40070215,2018-02
1961,1,0.35135564,2018-02
1962,3,0.6471964,2018-02
1963,8,0.39619324,2018-02
1964,8,0.61270684,2018-07
1965,3,0.4575363,2018-02
1966,2,0.63670677,2018-02
1967,2,0.5933963,2018-02
1968,2,0.64787745,2018-02
1969,1,0.5359372,2018-02
1970,4,0.3285942,2018-02
1971,7,0.5443455,2018-02
1972,3,0.4678553,2018-02
1973,2,0.71374446,2018-02
1974,7,0.47944543,2018-02
1975,8,0.64642,2018-07
1976,3,0.527485,2018-02
1977,8,0.30132875,2018-02
1978,8,0.42498147,2018-02
1979,2,0.8481605,2018-02
1980,6,0.43688425,2018-02
1981,1,0.9942297,2018-02
1982,8,0.5065859,2018-02
1983,2,0.60134137,2018-02
1984,2,0.7096178,2018-02
1985,7,0.9243773,2018-02
1986,2,0.37032628,2018-07
1987,7,0.850143,2018-02
1988,7,0.33857518,2018-02
1989,7,0.5158839,2018-02
1990,2,0.34059227,2018-02
1991,3,0.6597989,2018-02
1992,7,0.743179,2018-02
1993,3,0.44264138,2018-02
1994,3,0.7154526,2018-02
1995,8,0.48980105,2018-02
1996,7,0.41034755,2018-02
1997,7,0.5599424,2018-07
1998,6,0.61805934,2018-02
1999,7,0.7585707,2018-02
2000,7,0.4676321,2018-02
2001,9,0.5569621,2018-02
2002,7,0.87790096,2018-02
2003,3,0.255402,2018-02
2004,9,0.37557098,2018-02
2005,9,0.75088316,2018-02
2006,4,0.40547547,2018-02
2007,7,0.26138327,2018-02
2008,1,0.40916395,2018-07
2009,3,0.359687,2018-02
2010,6,0.73111254,2018-02
2011,2,0.266559,2018-02
2012,3,0.509705,2018-02
2013,3,0.6897166,2018-02
2014,6,0.3166695,2018-02
2015,8,0.6176236,2018-02
2016,2,0.43217075,2018-02
2017,3,0.55531,2018-02
2018,8,0.8536355,2018-02
2019,6,0.56255007,2018-07
2020,2,0.39647737,2018-02
2021,8,0.6162912,2018-02
2022,1,0.3647703,2018-02
2023,6,0.5400263,2018-02
2024,4,0.39491934,2018-02
2025,8,0.6261998,2018-02
2026,7,0.46566236,2018-02
2027,3,0.58121,2018-02
2028,7,0.69060373,2018-02
2029,4,0.2804281,2018-02
2030,1,0.28172076,2018-07
2031,0,0.5180192,2018-02
2032,7,0.9330738,2018-02
2033,2,0.32828757,2018-02
2034,3,0.7623944,2018-02
2035,9,0.7420225,2018-02
2036,7,0.6443293,2018-02
2037,4,0.47065645,2018-02
2038,3,0.4621347,2018-02
2039,4,0.45772433,2018-01
2040,4,0.4288297,2018-01
2041,1,0.57210016,2018-07
2042,8,0.29406476,2018-01
2043,1,0.5871486,2018-01
2044,2,0.8282196,2018-01
2045,1,0.52379495,2018-01
2046,1,0.4411501,2018-01
2047,8,0.59520984,2018-01
2048,7,0.38328654,2018-01
2049,2,0.69785315,2018-01
2050,8,0.47559556,2018-01
2051,8,0.68805397,2018-01
2052,7,0.44484746,2018-07
2053,4,0.89645976,2018-06
2054,8,0.4401015,2018-01
2055,7,0.39303565,2018-01
2056,0,0.41023096,2018-01
2057,1,0.7182546,2018-01
2058,7,0.2708528,2018-01
2059,0,0.5770295,2018-01
2060,7,0.5655015,2018-01
2061,1,0.50765043,2018-01
2062,7,0.445283,2018-01
2063,2,0.38752538,2018-01
2064,3,0.3217049,2018-06
2065,2,0.5901842,2018-01
2066,2,0.49200052,2018-01
2067,7,0.77059174,2018-01
2068,3,0.47571775,2018-01
2069,7,0.45131403,2018-01
2070,3,0.69628465,2018-01
2071,2,0.47184777,2018-01
2072,0,0.44403788,2018-01
2073,6,0.5968589,2018-01
2074,2,0.733461,2018-01
2075,2,0.44942173,2018-06
2076,3,0.22884394,2018-01
2077,1,0.36764434,2018-01
2078,8,0.6886155,2018-01
2079,3,0.6187176,2018-01
2080,8,0.5249401,2018-01
2081,1,0.580429,2018-01
2082,7,0.52510566,2018-01
2083,6,0.50101846,2018-01
2084,8,0.48761025,2018-01
2085,4,0.45335415,2018-01
2086,7,0.7891113,2018-06
2087,0,0.41947138,2018-01
2088,1,0.39648753,2018-01
2089,8,0.7113225,2018-01
2090,8,0.4467953,2018-01
2091,7,0.5944468,2018-01
2092,3,0.6823245,2018-01
2093,7,0.47584707,2018-01
2094,4,0.39681393,2018-01
2095,7,0.8356968,2018-01
2096,2,0.47619078,2018-01
2097,3,0.584637,2018-06
2098,3,0.48318124,2018-01
2099,3,0.7873525,2018-01
2100,8,0.8685251,2018-01
2101,3,0.9010427,2018-01
2102,3,0.7491359,2018-01
2103,6,0.79758066,2018-01
2104,7,0.69501454,2018-01
2105,4,0.7378537,2018-01
2106,7,0.40525952,2018-01
2107,4,0.5394478,2018-01
2108,3,0.24746256,2018-06
2109,2,0.7645866,2018-01
2110,8,0.6302258,2018-01
2111,7,0.4750515,2018-01
2112,4,0.712964,2018-01
2113,2,0.60780185,2018-01
2114,7,0.49542993,2018-01
2115,3,0.56840134,2018-01
2116,7,0.3762541,2018-01
2117,7,0.58240557,2018-01
2118,8,0.620998,2018-01
2119,5,0.29523683,2018-06
2120,7,0.51284707,2018-01
2121,7,0.87594604,2018-01
2122,8,0.52377206,2018-01
2123,3,0.69914705,2018-01
2124,0,0.28839782,2018-01
2125,7,0.73651683,2018-01
2126,2,0.9216666,2018-01
2127,8,0.8227218,2018-01
2128,8,0.2765382,2018-01
2129,4,0.2601528,2018-01
2130,6,0.39018148,2018-06
2131,8,0.43728495,2018-01
2132,6,0.7066561,2018-01
2133,7,0.44836637,2018-01
2134,8,0.70346546,2018-01
2135,8,0.45520264,2018-01
2136,7,0.4988528,2018-01
2137,5,0.38443857,2018-01
2138,7,0.4271986,2018-01
2139,8,0.4225456,2018-01
2140,2,0.5030089,2018-01
2141,7,0.5602782,2018-06
2142,1,0.44460723,2018-01
2143,7,0.4669332,2018-01
2144,7,0.4385331,2018-01
2145,6,0.48301187,2018-01
2146,7,0.5786022,2018-01
2147,1,0.41029048,2018-01
2148,4,0.80811095,2018-01
2149,9,0.646061,2018-01
2150,2,0.52527183,2018-01
2151,8,0.51821893,2018-01
2152,3,0.43700683,2018-06
2153,7,0.86340356,2018-01
2154,2,0.41889915,2018-01
2155,2,0.9785669,2018-01
2156,3,0.4445664,2018-01
2157,4,0.59933496,2018-01
2158,2,0.48514032,2018-01
2159,2,0.6577373,2018-01
2160,4,0.4372379,2018-01
2161,8,0.40572855,2018-01
2162,7,0.9191721,2018-07
2163,3,0.4680258,2018-06
2164,4,0.6701294,2018-01
2165,8,0.37551785,2018-01
2166,8,0.73220056,2018-01
2167,6,0.38769013,2018-01
2168,1,0.38491666,2018-01
2169,7,0.3131968,2018-01
2170,7,0.5939524,2018-01
2171,1,0.63122994,2018-01
2172,7,0.38414615,2018-01
2173,3,0.42358503,2018-01
2174,7,0.24359569,2018-06
2175,3,0.5712771,2018-01
2176,3,0.6101893,2018-01
2177,8,0.74953765,2018-01
2178,2,0.5266256,2018-01
2179,7,0.4431373,2018-01
2180,4,0.6702448,2018-01
2181,2,0.4095725,2018-01
2182,4,0.80931187,2018-01
2183,2,0.6218491,2018-01
2184,8,0.51843685,2018-01
2185,3,0.4574814,2018-06
2186,7,0.45698607,2018-01
2187,8,0.3846961,2018-01
2188,2,0.77571213,2018-01
2189,5,0.5200566,2018-01
2190,7,0.7710972,2018-01
2191,6,0.5655563,2018-01
2192,4,0.39098278,2018-01
2193,2,0.5971708,2018-01
2194,7,0.6406215,2018-01
2195,2,0.66547513,2018-01
2196,7,0.4653456,2018-06
2197,3,0.62115306,2018-01
2198,2,0.7396965,2018-01
2199,8,0.5692185,2018-01
2200,2,0.45087993,2018-01
2201,7,0.4165537,2018-01
2202,7,0.44910875,2018-01
2203,2,0.4971207,2018-01
2204,4,0.5133285,2018-01
2205,2,0.4067916,2018-01
2206,7,0.51726776,2018-01
2207,3,0.607299,2018-06
2208,7,0.7095755,2018-01
2209,8,0.71369314,2018-01
2210,7,0.4479046,2018-01
2211,7,0.5089378,2018-01
2212,8,0.80911034,2018-01
2213,3,0.41144744,2018-01
2214,7,0.4834321,2018-01
2215,2,0.71131057,2018-01
2216,6,0.49494067,2018-01
2217,7,0.37709713,2018-06
2218,3,0.6526722,2018-01
2219,2,0.90025103,2018-01
2220,8,0.774278,2018-01
2221,2,0.5453232,2018-01
2222,2,0.65376824,2018-01
2223,2,0.7235598,2018-01
2224,2,0.36314562,2018-01
2225,8,0.47373718,2018-01
2226,6,0.5320132,2018-01
2227,2,0.4050994,2018-01
2228,7,0.45704636,2018-06
2229,7,0.48393002,2018-01
2230,2,0.28313172,2018-01
2231,2,0.83766246,2018-01
2232,4,0.68904835,2018-01
2233,3,0.33763653,2018-01
2234,4,0.4116031,2018-01
2235,8,0.39273658,2018-01
2236,6,0.4719061,2018-01
2237,0,0.8066498,2018-01
2238,7,0.4172505,2018-01
2239,7,0.5793418,2018-06
2240,3,0.5850854,2018-01
2241,7,0.6381977,2018-01
2242,7,0.71404886,2018-01
2243,2,0.40659446,2018-01
2244,1,0.29466954,2018-01
2245,6,0.40320927,2018-01
2246,4,0.7751589,2017-12
2247,3,0.76420414,2017-12
2248,3,0.4056833,2017-12
2249,4,0.5447265,2017-12
2250,7,0.71783864,2018-06
2251,7,0.33609885,2017-12
2252,0,0.6713198,2017-12
2253,5,0.5444804,2017-12
2254,7,0.4565582,2017-12
2255,2,0.31162152,2017-12
2256,8,0.836358,2017-12
2257,2,0.64516157,2017-12
2258,3,0.5997318,2017-12
2259,1,0.40855244,2017-12
2260,3,0.4673853,2017-12
2261,7,0.3855466,2018-06
2262,0,0.49482414,2017-12
2263,5,0.51459634,2017-12
2264,7,0.7504962,2017-12
2265,0,0.40900198,2017-12
2266,2,0.49304333,2017-12
2267,2,0.62893033,2017-12
2268,8,0.78206795,2017-12
2269,8,0.61217934,2017-12
2270,7,0.46889815,2017-12
2271,7,0.8012565,2018-07
2272,6,0.21594252,2018-06
2273,0,0.52493113,2017-12
2274,7,0.6134241,2017-12
2275,2,0.76455325,2017-12
2276,7,0.6533067,2017-12
2277,6,0.35772634,2017-12
2278,8,0.617058,2017-11
2279,6,0.5621375,2017-11
2280,5,0.41725874,2017-11
2281,7,0.50434387,2017-11
2282,2,0.6352909,2017-11
2283,3,0.74443996,2018-06
2284,7,0.49466386,2017-11
2285,7,0.5344135,2017-11
2286,2,0.35372213,2017-11
2287,9,0.56710184,2017-11
2288,6,0.4416981,2017-11
2289,0,0.45288095,2017-11
2290,4,0.4820454,2017-11
2291,2,0.49523115,2017-10
2292,9,0.43463853,2017-10
2293,7,0.65629023,2017-10
2294,7,0.6461436,2018-06
2295,4,0.47565204,2017-10
2296,7,0.50275165,2017-10
2297,5,0.2705524,2017-10
2298,7,0.68801075,2017-10
2299,6,0.5181856,2017-10
2300,7,0.3858595,2017-10
2301,7,0.4240489,2017-10
2302,4,0.781544,2017-10
2303,1,0.74670357,2017-10
2304,7,0.74004483,2018-06
2305,3,0.42395332,2017-10
2306,7,0.55259144,2017-10
2307,3,0.37940276,2017-10
2308,6,0.60479355,2017-10
2309,4,0.81098545,2017-10
2310,7,0.32364482,2017-10
2311,2,0.36128107,2017-10
2312,6,0.59728986,2017-10
2313,4,0.48514178,2017-10
2314,4,0.44993207,2017-10
2315,7,0.4738577,2018-06
2316,3,0.3281938,2017-10
2317,1,0.28712955,2017-10
2318,7,0.54470354,2017-10
2319,1,0.39810368,2017-10
2320,7,0.84528005,2017-10
2321,2,0.57492435,2017-10
2322,7,0.8881941,2017-10
2323,7,0.31415504,2017-10
2324,1,0.54246056,2017-10
2325,8,0.3627816,2017-10
2326,8,0.5196648,2018-06
2327,2,0.506643,2017-10
2328,7,0.6712822,2017-10
2329,7,0.45055875,2017-10
2330,7,0.59907305,2017-10
2331,4,0.5128237,2017-10
2332,4,0.48972788,2017-10
2333,7,0.65482086,2017-10
2334,8,0.51202166,2017-10
2335,7,0.39645502,2017-10
2336,2,0.85461897,2017-10
2337,7,0.64025456,2018-06
2338,2,0.2832429,2017-10
2339,7,0.8564721,2017-10
2340,2,0.38190174,2017-10
2341,8,0.5597949,2017-10
2342,7,0.88479155,2017-10
2343,0,0.53176284,2017-10
2344,6,0.21686774,2017-10
2345,7,0.6987007,2017-10
2346,4,0.59479976,2017-10
2347,8,0.35659918,2018-06
2348,2,0.5731682,2017-10
2349,6,0.333688,2017-10
2350,7,0.54050076,2017-10
2351,7,0.69395196,2017-10
2352,0,0.6741327,2017-10
2353,4,0.69933516,2017-10
2354,0,0.643574,2017-10
2355,7,0.51175684,2017-10
2356,7,0.4499807,2017-10
2357,1,0.6803348,2017-09
2358,8,0.76767576,2018-06
2359,8,0.51578695,2017-09
2360,8,0.41897485,2017-09
2361,8,0.44670203,2017-09
2362,1,0.32774615,2017-09
2363,8,0.39361548,2017-09
2364,7,0.34105664,2017-09
2365,4,0.51921064,2017-09
2366,2,0.5682725,2017-09
2367,3,0.858083,2017-09
2368,4,0.34749925,2017-09
2369,7,0.8852884,2018-06
2370,3,0.6384562,2017-09
2371,3,0.63326794,2017-09
2372,7,0.65317297,2017-09
2373,0,0.35471445,2017-09
2374,4,0.39566347,2017-09
2375,7,0.5046818,2017-09
2376,7,0.6830636,2017-09
2377,8,0.4067582,2017-09
2378,3,0.58028746,2017-09
2379,1,0.36263308,2017-08
2380,7,0.8614177,2018-07
2381,3,0.59732914,2018-06
2382,1,0.36077654,2017-08
2383,7,0.63555145,2017-08
2384,7,0.807375,2017-08
2385,3,0.40078184,2017-08
2386,7,0.3389054,2017-08
2387,0,0.44915068,2017-08
2388,4,0.68207145,2017-08
2389,3,0.5835648,2017-08
2390,3,0.96366024,2017-08
2391,3,0.4010579,2017-08
2392,8,0.7748724,2018-06
2393,3,0.80256075,2017-08
2394,3,0.46338573,2017-08
2395,2,0.60054326,2017-08
2396,7,0.8221431,2017-08
2397,7,0.5447313,2017-08
2398,4,0.4630804,2017-08
2399,2,0.3340676,2017-08
2400,7,0.8273766,2017-08
2401,1,0.34799206,2017-08
2402,3,0.5269526,2017-08
2403,3,0.31029233,2018-06
2404,3,0.36074108,2017-08
2405,4,0.47943208,2017-08
2406,0,0.5566859,2017-08
2407,3,0.40812832,2017-08
2408,0,0.58143467,2017-08
2409,4,0.49921966,2017-08
2410,2,0.40969765,2017-08
2411,3,0.30812111,2017-08
2412,4,0.464293,2017-08
2413,7,0.51654744,2017-08
2414,7,0.4188985,2018-06
2415,7,0.6731689,2017-07
2416,0,0.4327502,2017-07
2417,2,0.35706937,2017-07
2418,6,0.32834914,2017-07
2419,1,0.5182309,2017-07
2420,3,0.66950256,2017-07
2421,3,0.8269206,2017-07
2422,6,0.2703451,2017-07
2423,7,0.7184051,2017-07
2424,4,0.55111617,2017-07
2425,7,0.43010873,2018-06
2426,2,0.4537396,2017-07
2427,7,0.40550685,2018-06
2428,3,0.83865756,2018-06
2429,3,0.5495659,2018-06
2430,8,0.4892039,2018-06
2431,7,0.581082,2018-06
2432,3,0.39816517,2018-07
2433,7,0.93396634,2018-07
2434,8,0.5680035,2018-06
2435,0,0.495457,2018-06
2436,8,0.56502074,2018-06
2437,2,0.9165545,2018-06
2438,8,0.60628605,2018-06
2439,7,0.80561113,2018-06
2440,1,0.6533883,2018-06
2441,3,0.52477884,2018-06
2442,7,0.39335063,2018-06
2443,2,0.33825746,2018-06
2444,7,0.57341117,2018-07
2445,7,0.5007498,2018-06
2446,4,0.61877716,2018-06
2447,3,0.47102734,2018-06
2448,7,0.58748686,2018-06
2449,4,0.50349265,2018-06
2450,8,0.6054867,2018-06
2451,8,0.5052448,2018-06
2452,7,0.8427785,2018-06
2453,3,0.7080601,2018-06
2454,2,0.546391,2018-06
2455,7,0.89764786,2018-07
2456,2,0.28286213,2018-06
2457,6,0.46060356,2018-06
2458,3,0.73669565,2018-06
2459,2,0.53629863,2018-06
2460,7,0.7253092,2018-06
2461,7,0.5186783,2018-06
2462,7,0.5944898,2018-06
2463,7,0.8243756,2018-06
2464,7,0.861388,2018-06
2465,2,0.81908876,2018-06
2466,3,0.34155142,2018-07
2467,7,0.5728438,2018-06
2468,0,0.4301893,2018-06
2469,3,0.31491667,2018-06
2470,7,0.49819916,2018-06
2471,7,0.6941022,2018-06
2472,9,0.28057143,2018-06
2473,7,0.6731479,2018-06
2474,4,0.56337696,2018-06
2475,7,0.69398564,2018-06
2476,0,0.53347015,2018-06
2477,7,0.7749482,2018-07
2478,3,0.418714,2018-06
2479,7,0.57382256,2018-06
2480,7,0.39962846,2018-06
2481,8,0.34743163,2018-06
2482,8,0.38184434,2018-06
2483,7,0.37728998,2018-06
2484,8,0.5555672,2018-06
2485,7,0.8054323,2018-06
2486,6,0.31607297,2018-06
2487,7,0.97336674,2018-06
2488,7,0.48106185,2018-07
2489,0,0.50570434,2018-06
2490,6,0.45831078,2018-06
2491,7,0.3850524,2018-06
2492,8,0.3093598,2018-06
2493,6,0.61108017,2018-06
2494,6,0.36072326,2018-06
2495,3,0.58724767,2018-06
2496,4,0.6302259,2018-06
2497,6,0.48818395,2018-06
2498,8,0.28114915,2018-06
2499,8,0.5855408,2018-07
2500,3,0.6043479,2018-06
2501,3,0.5328985,2018-06
2502,0,0.46461958,2018-06
2503,7,0.58837265,2018-06
2504,7,0.801392,2018-06
2505,2,0.36457866,2018-06
2506,1,0.5432408,2018-06
2507,2,0.5672662,2018-06
2508,7,0.45724067,2018-06
2509,7,0.44438437,2018-06
2510,8,0.4714607,2018-07
2511,2,0.4799002,2018-06
2512,7,0.81459194,2018-06
2513,2,0.49361244,2018-06
2514,3,0.41023844,2018-06
2515,3,0.78754336,2018-06
2516,7,0.68853694,2018-06
2517,7,0.44314927,2018-06
2518,4,0.6049385,2018-06
2519,8,0.9587,2018-06
2520,1,0.53699553,2018-07
2521,8,0.76113814,2018-06
2522,6,0.38572538,2018-06
2523,6,0.62559104,2018-06
2524,7,0.424372,2018-06
2525,2,0.6605827,2018-06
2526,0,0.51102215,2018-06
2527,0,0.4218667,2018-06
2528,7,0.5244997,2018-06
2529,3,0.48150492,2018-06
2530,3,0.40793857,2018-06
2531,7,0.4936622,2018-07
2532,1,0.3802341,2018-06
2533,8,0.39397755,2018-06
2534,7,0.2380795,2018-06
2535,8,0.5773913,2018-06
2536,3,0.32855383,2018-06
2537,8,0.41240025,2018-06
2538,3,0.49352282,2018-06
2539,8,0.48637515,2018-06
2540,8,0.605655,2018-06
2541,7,0.8828697,2018-06
2542,7,0.89965487,2018-07
2543,7,0.41948172,2018-07
2544,0,0.5698994,2018-06
2545,7,0.7072986,2018-06
2546,7,0.54222095,2018-06
2547,6,0.5069536,2018-06
2548,7,0.6872383,2018-06
2549,3,0.38804376,2018-06
2550,1,0.33915952,2018-06
2551,3,0.43433648,2018-06
2552,7,0.48562282,2018-06
2553,2,0.4441957,2018-06
2554,2,0.8842256,2018-07
2555,1,0.4327126,2018-06
2556,2,0.47293162,2018-06
2557,7,0.84545946,2018-06
2558,2,0.4543783,2018-06
2559,6,0.50759465,2018-06
2560,4,0.3453363,2018-06
2561,4,0.52094585,2018-06
2562,4,0.37997133,2018-06
2563,4,0.80183953,2018-06
2564,4,0.72741175,2018-06
2565,4,0.71545136,2018-07
2566,3,0.58064085,2018-06
2567,0,0.39556453,2018-06
2568,2,0.37057337,2018-06
2569,4,0.6706195,2018-06
2570,3,0.47259608,2018-06
2571,7,0.4924909,2018-06
2572,7,0.567667,2018-06
2573,7,0.74133486,2018-06
2574,7,0.45612848,2018-06
2575,5,0.34787238,2018-06
2576,7,0.60204315,2018-07
2577,7,0.63319117,2018-06
2578,7,0.703077,2018-06
2579,3,0.49960032,2018-06
2580,1,0.74039876,2018-06
2581,7,0.61761934,2018-06
2582,6,0.6762623,2018-06
2583,7,0.7146983,2018-06
2584,1,0.46075508,2018-06
2585,3,0.489268,2018-06
2586,3,0.57367957,2018-06
2587,7,0.67460346,2018-07
2588,7,0.62865776,2018-06
2589,3,0.50990885,2018-06
2590,2,0.42153004,2018-06
2591,2,0.6369126,2018-06
2592,2,0.56571025,2018-06
2593,4,0.31955102,2018-06
2594,2,0.48070264,2018-06
2595,7,0.4908876,2018-06
2596,3,0.34015188,2018-06
2597,0,0.496664,2018-06
2598,0,0.51113206,2018-07
2599,2,0.56952703,2018-06
2600,7,0.67668504,2018-06
2601,8,0.5015645,2018-06
2602,7,0.64267594,2018-06
2603,5,0.7163938,2018-06
2604,3,0.9327484,2018-06
2605,2,0.48427692,2018-06
2606,8,0.51668864,2018-06
2607,8,0.4157648,2018-06
2608,8,0.27541274,2018-06
2609,8,0.46842095,2018-07
2610,7,0.50203574,2018-06
2611,7,0.73881394,2018-06
2612,3,0.42333397,2018-06
2613,7,0.29350406,2018-06
2614,6,0.37576553,2018-06
2615,7,0.5780014,2018-06
2616,5,0.7017694,2018-06
2617,7,0.4010498,2018-06
2618,8,0.4807775,2018-06
2619,4,0.40329182,2018-06
2620,3,0.46906817,2018-07
2621,2,0.49050394,2018-06
2622,8,0.4455094,2018-06
2623,7,0.33627373,2018-06
2624,0,0.4427249,2018-06
2625,3,0.5314124,2018-06
2626,8,0.5589346,2018-06
2627,7,0.53380233,2018-06
2628,7,0.3523192,2018-06
2629,2,0.45490277,2018-06
2630,7,0.77921426,2018-06
2631,7,0.3489104,2018-07
2632,0,0.5187283,2018-06
2633,7,0.3044167,2018-06
2634,8,0.4449483,2018-06
2635,7,0.3785801,2018-06
2636,6,0.4841362,2018-06
2637,0,0.35694706,2018-06
2638,3,0.73249054,2018-06
2639,6,0.4417457,2018-06
2640,7,0.67957586,2018-06
2641,1,0.5257018,2018-06
2642,7,0.35296112,2018-07
2643,3,0.46723506,2018-06
2644,2,0.5531538,2018-06
2645,7,0.6362904,2018-06
2646,7,0.71194863,2018-06
2647,8,0.3486351,2018-06
2648,8,0.27629676,2018-06
2649,2,0.5144553,2018-06
2650,7,0.2340147,2018-06
2651,1,0.37329173,2018-06
2652,4,0.7624958,2018-06
2653,7,0.6879413,2018-07
2654,7,0.6558998,2018-07
2655,8,0.5576095,2018-06
2656,8,0.76896626,2018-06
2657,2,0.4704143,2018-06
2658,1,0.45721102,2018-06
2659,2,0.58567315,2018-06
2660,8,0.36171845,2018-06
2661,1,0.33898383,2018-06
2662,3,0.35865453,2018-06
2663,5,0.51424766,2018-06
2664,0,0.28288293,2018-06
2665,7,0.6038352,2018-07
2666,3,0.61270297,2018-05
2667,8,0.7649966,2018-05
2668,3,0.5748518,2018-05
2669,7,0.7435871,2018-05
2670,1,0.46585646,2018-05
2671,7,0.6172137,2018-05
2672,3,0.4102033,2018-05
2673,8,0.4681617,2018-05
2674,3,0.32747754,2018-05
2675,0,0.4517889,2018-05
2676,7,0.53001696,2018-07
2677,7,0.8539036,2018-05
2678,7,0.95997477,2018-05
2679,8,0.50602907,2018-05
2680,7,0.74778897,2018-05
2681,8,0.52558446,2018-05
2682,8,0.51303697,2018-05
2683,7,0.79991955,2018-05
2684,7,0.37139705,2018-05
2685,3,0.42420647,2018-05
2686,7,0.63124156,2018-05
2687,7,0.80097777,2018-07
2688,2,0.41852626,2018-05
2689,8,0.54178756,2018-05
2690,7,0.4795017,2018-05
2691,7,0.3484119,2018-05
2692,3,0.6962214,2018-05
2693,7,0.44047213,2018-05
2694,7,0.94712555,2018-05
2695,3,0.64031345,2018-05
2696,3,0.47426736,2018-05
2697,7,0.69320834,2018-05
2698,1,0.57371473,2018-07
2699,8,0.3413324,2018-05
2700,6,0.36134163,2018-05
2701,8,0.58295584,2018-05
2702,2,0.38620788,2018-05
2703,3,0.73060596,2018-05
2704,3,0.6542257,2018-05
2705,7,0.60406834,2018-05
2706,3,0.60095483,2018-05
2707,3,0.4954862,2018-05
2708,5,0.5987507,2018-05
2709,7,0.41743445,2018-07
2710,3,0.6063894,2018-05
2711,1,0.5472511,2018-05
2712,4,0.5642007,2018-05
2713,7,0.5263566,2018-05
2714,3,0.47893506,2018-05
2715,8,0.53838897,2018-05
2716,3,0.2549834,2018-05
2717,3,0.26083234,2018-05
2718,7,0.6943089,2018-05
2719,7,0.40550655,2018-05
2720,1,0.5273635,2018-07
2721,6,0.3055037,2018-05
2722,3,0.3657719,2018-05
2723,7,0.5625554,2018-05
2724,1,0.48626474,2018-05
2725,1,0.5170215,2018-05
2726,2,0.46447763,2018-05
2727,7,0.34851578,2018-05
2728,1,0.57836735,2018-05
2729,5,0.69935685,2018-05
2730,7,0.72893834,2018-05
2731,7,0.4764048,2018-07
2732,4,0.42390198,2018-05
2733,6,0.35810873,2018-05
2734,2,0.43225265,2018-05
2735,0,0.38602316,2018-05
2736,0,0.52234024,2018-05
2737,7,0.51404005,2018-05
2738,6,0.5236413,2018-05
2739,7,0.51892734,2018-05
2740,8,0.43207407,2018-05
2741,4,0.3117415,2018-05
2742,3,0.3407264,2018-07
2743,4,0.87405336,2018-05
2744,1,0.42442656,2018-05
2745,3,0.40905887,2018-05
2746,2,0.5669456,2018-05
2747,9,0.2607642,2018-05
2748,7,0.45570457,2018-05
2749,3,0.3141114,2018-05
2750,0,0.33742273,2018-05
2751,7,0.478825,2018-05
2752,7,0.814647,2018-05
2753,0,0.43707734,2018-07
2754,7,0.62930596,2018-05
2755,2,0.4813083,2018-05
2756,6,0.3701003,2018-05
2757,2,0.7847102,2018-05
2758,7,0.37613243,2018-05
2759,6,0.6251259,2018-05
2760,3,0.35119212,2018-05
2761,7,0.29157647,2018-05
2762,3,0.63398683,2018-05
2763,7,0.7419543,2018-05
2764,5,0.51609635,2018-07
2765,8,0.5418446,2018-07
2766,7,0.65971214,2018-05
2767,3,0.5268701,2018-05
2768,4,0.55478346,2018-05
2769,8,0.4948806,2018-05
2770,7,0.6390396,2018-05
2771,2,0.20377576,2018-05
2772,7,0.7394278,2018-05
2773,0,0.36333582,2018-05
2774,4,0.5732568,2018-05
2775,7,0.4787555,2018-05
2776,7,0.6842101,2018-07
2777,0,0.51635647,2018-05
2778,2,0.5563929,2018-05
2779,7,0.45422837,2018-05
2780,7,0.5415712,2018-05
2781,8,0.34440154,2018-05
2782,8,0.7097708,2018-05
2783,3,0.58921784,2018-05
2784,6,0.57722807,2018-05
2785,0,0.4446501,2018-05
2786,5,0.37546164,2018-05
2787,3,0.47420582,2018-07
2788,8,0.7642543,2018-05
2789,7,0.6892667,2018-05
2790,4,0.3468321,2018-05
2791,7,0.61723703,2018-05
2792,0,0.44992697,2018-05
2793,7,0.53608984,2018-05
2794,7,0.7542504,2018-05
2795,6,0.8598556,2018-05
2796,7,0.48588878,2018-05
2797,7,0.89374775,2018-05
2798,3,0.42468506,2018-07
2799,4,0.49487174,2018-05
2800,3,0.48395455,2018-05
2801,7,0.6865391,2018-05
2802,7,0.6351185,2018-05
2803,7,0.34515724,2018-05
2804,3,0.92901915,2018-05
2805,0,0.5232412,2018-05
2806,3,0.81777173,2018-05
2807,3,0.5566887,2018-05
2808,3,0.8483333,2018-05
2809,3,0.8511306,2018-07
2810,4,0.6428331,2018-05
2811,7,0.8368323,2018-05
2812,3,0.5592478,2018-05
2813,7,0.32373443,2018-05
2814,3,0.49295515,2018-05
2815,2,0.6759537,2018-05
2816,0,0.3879761,2018-05
2817,8,0.4332714,2018-05
2818,7,0.52296466,2018-05
2819,3,0.6545716,2018-05
2820,3,0.36515713,2018-07
2821,7,0.68669575,2018-05
2822,6,0.5427692,2018-05
2823,0,0.47154287,2018-05
2824,5,0.35775903,2018-05
2825,2,0.64823,2018-05
2826,8,0.40549836,2018-05
2827,2,0.34873325,2018-05
2828,0,0.4405631,2018-05
2829,1,0.7557906,2018-05
2830,6,0.4307301,2018-05
2831,4,0.55896026,2018-07
2832,7,0.41552147,2018-05
2833,8,0.8931689,2018-05
2834,8,0.6051233,2018-05
2835,3,0.7628617,2018-05
2836,7,0.77139187,2018-05
2837,4,0.40017802,2018-05
2838,7,0.73795545,2018-05
2839,2,0.7864735,2018-05
2840,8,0.26064032,2018-05
2841,4,0.5098383,2018-05
2842,7,0.38124636,2018-07
2843,4,0.6687838,2018-05
2844,2,0.7373361,2018-05
2845,2,0.6704894,2018-05
2846,3,0.31369147,2018-05
2847,3,0.2636047,2018-05
2848,1,0.56688976,2018-05
2849,7,0.42457342,2018-05
2850,7,0.80453557,2018-05
2851,1,0.5113269,2018-05
2852,2,0.5327277,2018-05
2853,7,0.4403215,2018-07
2854,7,0.5082972,2018-05
2855,5,0.39666003,2018-05
2856,7,0.8467178,2018-05
2857,3,0.3896941,2018-05
2858,7,0.9002752,2018-05
2859,7,0.912866,2018-05
2860,2,0.38199285,2018-05
2861,2,0.42682564,2018-05
2862,7,0.8115969,2018-05
2863,7,0.34225133,2018-05
2864,2,0.45569584,2018-07
2865,8,0.3188552,2018-05
2866,8,0.9890213,2018-05
2867,2,0.9174898,2018-05
2868,6,0.5138921,2018-05
2869,2,0.68226844,2018-05
2870,7,0.42482188,2018-05
2871,7,0.5284514,2018-05
2872,7,0.5186379,2018-05
2873,7,0.33587652,2018-05
2874,2,0.59842646,2018-05
2875,3,0.47464886,2018-07
2876,7,0.44073385,2018-07
2877,8,0.29684302,2018-05
2878,1,0.59139186,2018-05
2879,1,0.68494034,2018-05
2880,7,0.6347515,2018-05
2881,7,0.74321103,2018-05
2882,4,0.6236092,2018-05
2883,7,0.7356431,2018-05
2884,7,0.5003135,2018-05
2885,0,0.93899953,2018-05
2886,2,0.22742525,2018-05
2887,2,0.58041555,2018-07
2888,8,0.5812524,2018-05
2889,7,0.48131344,2018-05
2890,6,0.56474906,2018-05
2891,7,0.4724151,2018-05
2892,7,0.7570191,2018-05
2893,2,0.61381084,2018-05
2894,3,0.5656626,2018-05
2895,9,0.394779,2018-05
2896,2,0.44905296,2018-05
2897,3,0.33657297,2018-05
2898,8,0.4807959,2018-07
2899,7,0.4448431,2018-05
2900,4,0.5004591,2018-05
2901,2,0.44790113,2018-05
2902,7,0.43842998,2018-05
2903,3,0.5278452,2018-05
2904,2,0.5195244,2018-05
2905,3,0.37577254,2018-05
2906,7,0.5770927,2018-05
2907,3,0.40076637,2018-05
2908,8,0.7285123,2018-05
2909,7,0.31668094,2018-07
2910,6,0.41637915,2018-05
2911,2,0.29367164,2018-05
2912,2,0.34926575,2018-05
2913,3,0.383414,2018-05
2914,7,0.5368464,2018-05
2915,8,0.43542978,2018-05
2916,3,0.22401929,2018-05
2917,7,0.605237,2018-05
2918,7,0.3442438,2018-05
2919,7,0.83290446,2018-05
2920,8,0.4667332,2018-07
2921,4,0.5408273,2018-05
2922,3,0.6736321,2018-05
2923,7,0.22908759,2018-05
2924,7,0.74617577,2018-05
2925,8,0.6065152,2018-05
2926,2,0.5161889,2018-05
2927,0,0.46058536,2018-05
2928,3,0.5941429,2018-05
2929,6,0.43683043,2018-05
2930,6,0.42554802,2018-05
2931,2,0.4065968,2018-07
2932,4,0.41664258,2018-05
2933,7,0.6548512,2018-05
2934,8,0.7047583,2018-05
2935,7,0.5810033,2018-05
2936,4,0.5581963,2018-05
2937,8,0.40742445,2018-05
2938,8,0.6780109,2018-05
2939,3,0.39654386,2018-05
2940,6,0.42370367,2018-05
2941,1,0.4556789,2018-05
2942,7,0.754867,2018-07
2943,7,0.4791293,2018-05
2944,2,0.6803209,2018-05
2945,2,0.4490966,2018-05
2946,9,0.68372595,2018-05
2947,9,0.9863613,2018-05
2948,8,0.3819821,2018-05
2949,7,0.47860444,2018-05
2950,8,0.6190042,2018-05
2951,0,0.23393366,2018-05
2952,7,0.9428629,2018-05
2953,2,0.5554373,2018-07
2954,3,0.4334906,2018-05
2955,8,0.9772946,2018-05
2956,2,0.34286302,2018-05
2957,8,0.95059526,2018-05
2958,8,0.39854732,2018-05
2959,8,0.66119635,2018-05
2960,7,0.8845951,2018-05
2961,4,0.50560373,2018-05
2962,8,0.46430856,2018-05
2963,4,0.5487569,2018-05
2964,7,0.9600252,2018-07
2965,2,0.2672157,2018-05
2966,8,0.6091708,2018-05
2967,7,0.8042038,2018-05
2968,8,0.5148575,2018-05
2969,7,0.725403,2018-05
2970,7,0.8900937,2018-05
2971,2,0.65876156,2018-05
2972,1,0.50006187,2018-05
2973,6,0.7660674,2018-05
2974,7,0.45143077,2018-05
2975,6,0.678422,2018-07
2976,7,0.44892162,2018-05
2977,7,0.7966251,2018-05
2978,1,0.7229406,2018-05
2979,7,0.5992792,2018-05
2980,8,0.88724315,2018-05
2981,1,0.34982234,2018-05
2982,8,0.60164815,2018-05
2983,8,0.30538788,2018-05
2984,2,0.42743665,2018-05
2985,4,0.8525435,2018-05
2986,0,0.42266384,2018-07
2987,1,0.5557462,2018-07
2988,0,0.56538004,2018-05
2989,7,0.53601927,2018-05
2990,8,0.51930124,2018-05
2991,7,0.63201714,2018-05
2992,8,0.41911718,2018-05
2993,3,0.98714054,2018-05
2994,7,0.49468303,2018-05
2995,0,0.42620683,2018-05
2996,7,0.41673702,2018-05
2997,4,0.4336587,2018-05
2998,8,0.5521498,2018-07
2999,6,0.38988054,2018-05
3000,7,0.46799913,2018-05
3001,7,0.95449793,2018-05
3002,6,0.33066353,2018-05
3003,7,0.69838846,2018-05
3004,8,0.47815248,2018-05
3005,3,0.36725947,2018-05
3006,3,0.35526153,2018-05
3007,4,0.5976308,2018-05
3008,7,0.45882624,2018-05
3009,1,0.8263352,2018-07
3010,7,0.81662613,2018-04
3011,2,0.9631269,2018-04
3012,5,0.4234236,2018-04
3013,7,0.92676973,2018-04
3014,2,0.563584,2018-04
3015,2,0.7651541,2018-04
3016,6,0.6866911,2018-04
3017,4,0.32672855,2018-04
3018,1,0.47162327,2018-04
3019,7,0.6778175,2018-04
3020,0,0.39220008,2018-07
3021,2,0.46893513,2018-04
3022,8,0.488132,2018-04
3023,7,0.25392044,2018-04
3024,5,0.64309496,2018-04
3025,7,0.43917662,2018-04
3026,5,0.40074068,2018-04
3027,7,0.70184064,2018-04
3028,7,0.44285393,2018-04
3029,1,0.4767979,2018-04
3030,2,0.36169937,2018-04
3031,7,0.839422,2018-07
3032,8,0.5937105,2018-04
3033,9,0.4030404,2018-04
3034,0,0.46708182,2018-04
3035,8,0.52297986,2018-04
3036,1,0.7191965,2018-04
3037,8,0.58883834,2018-04
3038,0,0.8412189,2018-04
3039,3,0.39957693,2018-04
3040,3,0.6060918,2018-04
3041,7,0.4241886,2018-04
3042,7,0.724791,2018-07
3043,4,0.4830093,2018-04
3044,4,0.74084973,2018-04
3045,7,0.35715726,2018-04
3046,2,0.52110904,2018-04
3047,5,0.32300332,2018-04
3048,5,0.6162855,2018-04
3049,7,0.53326505,2018-04
3050,7,0.3809244,2018-04
3051,7,0.6798796,2018-04
3052,1,0.32408905,2018-04
3053,3,0.5443595,2018-07
3054,7,0.61954194,2018-04
3055,7,0.6386454,2018-04
3056,7,0.41665617,2018-04
3057,3,0.6188568,2018-04
3058,7,0.8195063,2018-04
3059,8,0.32357383,2018-04
3060,1,0.6051863,2018-04
3061,4,0.73938465,2018-04
3062,1,0.48354194,2018-04
3063,8,0.46954572,2018-04
3064,0,0.4523372,2018-07
3065,0,0.3487561,2018-04
3066,1,0.28876555,2018-04
3067,7,0.6193954,2018-04
3068,7,0.7216461,2018-04
3069,7,0.46982518,2018-04
3070,8,0.88702863,2018-04
3071,8,0.47676685,2018-04
3072,8,0.45261157,2018-04
3073,6,0.37478837,2018-04
3074,8,0.5830188,2018-04
3075,7,0.6470487,2018-07
3076,8,0.6575987,2018-04
3077,7,0.7647876,2018-04
3078,0,0.41194725,2018-04
3079,8,0.43064308,2018-04
3080,3,0.5626693,2018-04
3081,2,0.46693054,2018-04
3082,1,0.4061673,2018-04
3083,4,0.3726833,2018-04
3084,7,0.85833913,2018-04
3085,7,0.6700859,2018-04
3086,6,0.59337795,2018-07
3087,8,0.6138971,2018-04
3088,7,0.42843288,2018-04
3089,4,0.6340213,2018-04
3090,7,0.34964266,2018-04
3091,1,0.43396166,2018-04
3092,3,0.6090924,2018-04
3093,7,0.76840794,2018-04
3094,7,0.59951586,2018-04
3095,7,0.7653259,2018-04
3096,2,0.65245605,2018-04
3097,3,0.37350816,2018-07
3098,3,0.7614943,2018-07
3099,8,0.46434337,2018-04
3100,7,0.8182867,2018-04
3101,0,0.4240246,2018-04
3102,7,0.56117356,2018-04
3103,3,0.71881396,2018-04
3104,3,0.60983425,2018-04
3105,5,0.55747396,2018-04
3106,3,0.69272923,2018-04
3107,7,0.51389503,2018-04
3108,7,0.6487763,2018-04
3109,7,0.7580608,2018-07
3110,7,0.71059215,2018-04
3111,0,0.41097745,2018-04
3112,4,0.47739607,2018-04
3113,8,0.31103072,2018-04
3114,8,0.814878,2018-04
3115,7,0.5605981,2018-04
3116,3,0.41475672,2018-04
3117,8,0.29795504,2018-04
3118,6,0.7193018,2018-04
3119,7,0.91822654,2018-04
3120,2,0.5038467,2018-07
3121,7,0.6393737,2018-04
3122,8,0.43067375,2018-04
3123,2,0.30138612,2018-04
3124,2,0.3211639,2018-04
3125,7,0.66962427,2018-04
3126,6,0.33035737,2018-04
3127,0,0.36343035,2018-04
3128,7,0.6126465,2018-04
3129,3,0.5803932,2018-04
3130,7,0.6566228,2018-04
3131,4,0.45190337,2018-07
3132,7,0.61652106,2018-04
3133,7,0.47612083,2018-04
3134,7,0.39526772,2018-04
3135,4,0.42919716,2018-04
3136,0,0.43256292,2018-04
3137,7,0.7928666,2018-04
3138,7,0.35187045,2018-04
3139,4,0.28502437,2018-04
3140,0,0.36861143,2018-04
3141,7,0.32139683,2018-04
3142,7,0.4141734,2018-07
3143,0,0.52148134,2018-04
3144,7,0.4326496,2018-04
3145,3,0.36095324,2018-04
3146,0,0.57418656,2018-04
3147,7,0.4421842,2018-04
3148,8,0.8467404,2018-04
3149,1,0.29540157,2018-04
3150,8,0.8739774,2018-04
3151,7,0.55748045,2018-04
3152,1,0.7135946,2018-04
3153,3,0.4030563,2018-07
3154,7,0.5467883,2018-04
3155,2,0.37657908,2018-04
3156,8,0.73531836,2018-04
3157,5,0.34809297,2018-04
3158,3,0.5700449,2018-04
3159,7,0.5973386,2018-04
3160,2,0.49685577,2018-04
3161,6,0.29182512,2018-04
3162,4,0.5201763,2018-04
3163,3,0.53097165,2018-04
3164,8,0.52516764,2018-07
3165,6,0.5471388,2018-04
3166,0,0.50724655,2018-04
3167,8,0.49859068,2018-04
3168,6,0.2993445,2018-04
3169,8,0.73607713,2018-04
3170,5,0.49550524,2018-04
3171,2,0.73387295,2018-04
3172,4,0.46966225,2018-04
3173,7,0.6576706,2018-04
3174,7,0.45008537,2018-04
3175,6,0.6522687,2018-07
3176,9,0.50977325,2018-04
3177,4,0.40143022,2018-04
3178,3,0.4480377,2018-04
3179,0,0.72237843,2018-04
3180,8,0.45368013,2018-04
3181,8,0.40511402,2018-04
3182,8,0.61477995,2018-04
3183,7,0.47473434,2018-04
3184,2,0.50957674,2018-04
3185,7,0.44543,2018-04
3186,7,0.7592715,2018-07
3187,6,0.45785257,2018-04
3188,2,0.26431906,2018-04
3189,7,0.8471134,2018-04
3190,3,0.78909314,2018-04
3191,8,0.60312057,2018-04
3192,7,0.8990368,2018-04
3193,7,0.8344762,2018-04
3194,3,0.85549295,2018-04
3195,3,0.4113263,2018-04
3196,3,0.2762385,2018-04
3197,7,0.6222533,2018-07
3198,7,0.49364325,2018-04
3199,2,0.7348236,2018-04
3200,8,0.46487558,2018-04
3201,2,0.26397198,2018-04
3202,4,0.37052578,2018-04
3203,7,0.6383197,2018-04
3204,7,0.5552089,2018-04
3205,7,0.53830045,2018-04
3206,7,0.7171986,2018-04
3207,3,0.4633539,2018-04
3208,7,0.5147947,2018-07
3209,5,0.59975713,2018-07
3210,4,0.8083314,2018-04
3211,4,0.4523339,2018-04
3212,8,0.64329106,2018-04
3213,1,0.6528401,2018-04
3214,6,0.6742036,2018-04
3215,7,0.7661778,2018-04
3216,8,0.46048152,2018-04
3217,7,0.49972478,2018-04
3218,7,0.6791303,2018-04
3219,1,0.71661365,2018-04
3220,8,0.61070216,2018-07
3221,7,0.43611354,2018-04
3222,7,0.5956712,2018-04
3223,3,0.7042609,2018-04
3224,1,0.50466394,2018-04
3225,7,0.46996343,2018-04
3226,7,0.6426738,2018-04
3227,7,0.83751166,2018-04
3228,3,0.32825556,2018-04
3229,2,0.37011543,2018-04
3230,3,0.4310127,2018-04
3231,7,0.6352581,2018-07
3232,6,0.31256273,2018-04
3233,4,0.47704512,2018-04
3234,6,0.41428152,2018-04
3235,7,0.464236,2018-04
3236,8,0.7777656,2018-04
3237,7,0.81790286,2018-04
3238,4,0.27512106,2018-04
3239,6,0.44720468,2018-04
3240,7,0.46247205,2018-04
3241,7,0.97124255,2018-04
3242,6,0.8615951,2018-07
3243,7,0.64971185,2018-04
3244,3,0.6193366,2018-04
3245,3,0.38272125,2018-04
3246,7,0.66639525,2018-04
3247,3,0.4244827,2018-04
3248,3,0.45116094,2018-04
3249,6,0.37215903,2018-04
3250,8,0.8068952,2018-04
3251,8,0.85009617,2018-04
3252,7,0.5451696,2018-04
3253,8,0.3508484,2018-07
3254,8,0.63128567,2018-04
3255,7,0.9391465,2018-04
3256,1,0.34078094,2018-04
3257,7,0.8505536,2018-04
3258,1,0.42963603,2018-04
3259,6,0.66754466,2018-04
3260,2,0.8999447,2018-04
3261,8,0.5612637,2018-04
3262,3,0.593276,2018-04
3263,2,0.36722505,2018-04
3264,3,0.59620273,2018-07
3265,2,0.4525747,2018-04
3266,7,0.53657496,2018-04
3267,7,0.736579,2018-04
3268,4,0.46264604,2018-04
3269,7,0.8901663,2018-04
3270,7,0.55631596,2018-04
3271,8,0.75079095,2018-04
3272,6,0.47365943,2018-04
3273,7,0.4452584,2018-04
3274,8,0.92653614,2018-04
3275,2,0.4516085,2018-07
3276,6,0.5423085,2018-04
3277,7,0.6297452,2018-04
3278,7,0.7363346,2018-04
3279,7,0.40266815,2018-04
3280,7,0.67934275,2018-04
3281,3,0.4769149,2018-04
3282,0,0.35010839,2018-04
3283,7,0.5355711,2018-04
3284,7,0.59201735,2018-04
3285,7,0.75370824,2018-04
3286,3,0.7952818,2018-07
3287,3,0.47968975,2018-04
3288,7,0.7406554,2018-04
3289,8,0.36702138,2018-04
3290,0,0.53787655,2018-04
3291,8,0.5800092,2018-04
3292,4,0.6537419,2018-04
3293,7,0.97840315,2018-04
3294,2,0.8317006,2018-04
3295,1,0.5737439,2018-04
3296,8,0.50407434,2018-04
3297,7,0.6165447,2018-07
3298,7,0.45524013,2018-04
3299,7,0.3794413,2018-04
3300,7,0.7045728,2018-04
3301,7,0.6343601,2018-04
3302,2,0.32929978,2018-04
3303,0,0.3806715,2018-04
3304,7,0.6419172,2018-04
3305,7,0.9675358,2018-04
3306,7,0.46843752,2018-04
3307,7,0.57211995,2018-04
3308,7,0.67979795,2018-07
3309,3,0.4854334,2018-04
3310,0,0.32314122,2018-04
3311,0,0.31145468,2018-04
3312,7,0.8267358,2018-04
3313,3,0.50377333,2018-04
3314,3,0.5182332,2018-04
3315,3,0.49586114,2018-04
3316,7,0.666565,2018-04
3317,7,0.522454,2018-04
3318,5,0.67040175,2018-04
